INSERT INTO package (package_name, count, period, created_at)
VALUES ('Starter Powerlifting 10회', 10, 60, '2024-08-01 00:00:00'),
       ('Starter Powerlifting 20회', 20, 120, '2024-08-01 00:00:00'),
       ('Starter Powerlifting 30회', 30, 180, '2024-08-01 00:00:00'),
       ('무료 이벤트 파워리프팅 PT 1회', 1, NULL, '2024-08-01 00:00:00'),
       ('고급 Powerlifting PT 50회', 50, 365, '2024-08-01 00:00:00'),
       ('바디 챌린지 PT 4주', NULL, 28, '2024-08-01 00:00:00'),
       ('바디 챌린지 PT 8주', NULL, 48, '2024-08-01 00:00:00'),
       ('인바디 상담', NULL, NULL, '2024-08-01 00:00:00');

INSERT INTO `user` (user_id, user_name, status, phone, meta, created_at)
VALUES ('A1000000', '김은찬', 'ACTIVE', '01011112222', NULL, '2024-08-01 00:00:00'),
       ('A1000001', '최수연', 'ACTIVE', '01033334444', NULL, '2024-08-01 00:00:00'),
       ('A1000002', '이준호', 'INACTIVE', '01055556666', NULL, '2024-08-01 00:00:00'),
       ('B1000010', '권민우', 'ACTIVE', '01077778888', NULL, '2024-08-01 00:00:00'),
       ('B1000011', '동그라미', 'INACTIVE', '01088889999', NULL, '2024-08-01 00:00:00'),
       ('B2000000', '한선영', 'ACTIVE', '01099990000', NULL, '2024-08-01 00:00:00'),
       ('B2000001', '김민경', 'ACTIVE', '01000001111', NULL, '2024-08-01 00:00:00');

INSERT INTO `user_group_mapping` (user_group_id, user_id, user_group_name, description, created_at)
VALUES ('SAMDE400', 'A1000000', '삼대600', '파워리프팅 고급 그룹', '2024-08-01 00:00:00'),
       ('SAMDE500', 'A1000001', '삼대500', '파워리프팅 중급 그룹', '2024-08-01 00:00:00'),
       ('SAMDE500', 'A1000002', '삼대500', '파워리프팅 중급 그룹', '2024-08-01 00:00:00'),
       ('SAMDE400', 'B1000010', '삼대400', '파워리프팅 초급 그룹', '2024-08-01 00:00:00'),
       ('SAMDE500', 'B2000000', '삼대500', '파워리프팅 중급 그룹', '2024-08-01 00:00:00'),
       ('SAMDE400', 'B1000011', '삼대400', '파워리프팅 초급 그룹', '2024-08-01 00:00:00'),
       ('SAMDE500', 'B2000001', '삼대500', '파워리프팅 중급 그룹', '2024-08-01 00:00:00');

INSERT INTO `statistics` (statistics_at, all_count, attended_count, cancelled_count)
VALUES
    ('2024-09-01 00:00:00', 25, 15, 4),
    ('2024-09-02 00:00:00', 30, 20, 4),
    ('2024-09-03 00:00:00', 28, 18, 3),
    ('2024-09-04 00:00:00', 22, 12, 0),
    ('2024-09-05 00:00:00', 27, 19, 6),
    ('2024-09-06 00:00:00', 24, 14, 2),
    ('2024-09-07 00:00:00', 26, 16, 1),
    ('2024-09-08 00:00:00', 23, 17, 0),
    ('2024-09-09 00:00:00', 29, 21, 0),
    ('2024-09-10 00:00:00', 20, 10, 0);

INSERT INTO pass (package_seq, user_id, status, remaining_count, started_at, ended_at, expired_at, created_at, modified_at)
VALUES
    (1, 'A1000000', 'ACTIVE', 10, '2024-09-01 00:00:00', '2024-09-30 23:59:59', '2024-09-30 23:59:59', '2024-08-01 00:00:00', NULL),
    (2, 'A1000001', 'ACTIVE', 20, '2024-09-01 00:00:00', '2024-09-30 23:59:59', '2024-09-30 23:59:59', '2024-08-01 00:00:00', NULL),
    (3, 'A1000002', 'INACTIVE', 30, '2024-09-01 00:00:00', '2024-09-30 23:59:59', '2024-09-30 23:59:59', '2024-08-01 00:00:00', NULL),
    (4, 'B1000010', 'ACTIVE', NULL, '2024-09-01 00:00:00', NULL, '2024-09-30 23:59:59', '2024-08-01 00:00:00', NULL),
    (5, 'B1000011', 'ACTIVE', 50, '2024-09-01 00:00:00', '2024-09-30 23:59:59', '2024-09-30 23:59:59', '2024-08-01 00:00:00', NULL),
    (6, 'B2000000', 'ACTIVE', 50, '2024-09-01 00:00:00', '2024-09-30 23:59:59', '2024-09-30 23:59:59', '2024-08-01 00:00:00', NULL),
    (7, 'B2000001', 'ACTIVE', 50, '2024-09-01 00:00:00', '2024-09-30 23:59:59', '2024-09-30 23:59:59', '2024-08-01 00:00:00', NULL);

INSERT INTO bulk_pass (package_seq, user_group_id, status, count, started_at, ended_at, created_at, modified_at)
VALUES
    (1, 'SAMDE400', 'ACTIVE', 50, '2024-09-01 00:00:00', '2024-09-30 23:59:59', '2024-08-01 00:00:00', NULL),
    (2, 'SAMDE500', 'ACTIVE', 100, '2024-09-01 00:00:00', '2024-09-30 23:59:59', '2024-08-01 00:00:00', NULL),
    (3, 'SAMDE400', 'ACTIVE', 50, '2024-09-01 00:00:00', '2024-09-30 23:59:59', '2024-08-01 00:00:00', NULL),
    (4, 'SAMDE500', 'ACTIVE', 100, '2024-09-01 00:00:00', '2024-09-30 23:59:59', '2024-08-01 00:00:00', NULL);

INSERT INTO booking (pass_seq, user_id, status, used_pass, attended, started_at, ended_at, cancelled_at, created_at, modified_at)
VALUES
    (1, 'A1000000', 'CANCELLED', 0, 0, '2024-09-10 10:00:00', '2024-09-10 12:00:00', '2024-09-10 11:00:00', '2024-08-29 00:31:23', NULL),
    (2, 'A1000001', 'PROGRESSED', 1, 1, '2024-09-09 09:00:00', '2024-09-09 10:30:00', NULL, '2024-08-29 00:31:23', NULL),
    (3, 'B1000010', 'COMPLETED', 1, 0, '2024-09-08 08:00:00', '2024-09-08 09:00:00', '2024-09-08 08:30:00', '2024-08-29 00:31:23', NULL);
