-- 테스트 계정
-- TODO: 테스트용이지만 비밀번호가 노출된 데이터 세팅. 개선하는 것이 좋을 지 고민해 보자.
insert into user_account (user_id, user_password, nickname, email, memo, created_at, created_by, modified_at, modified_by) values
    ('eunchan', '{noop}asdf1234', 'Eunchan', 'eunchan@mail.com', 'I am Eunchan.', now(), 'eunchan', now(), 'eunchan');

insert into user_account (user_id, user_password, nickname, email, memo, created_at, created_by, modified_at, modified_by) values
    ('eunchan2', '{noop}asdf1234', 'Eunchan2', 'eunchan2@mail.com', 'I am Eunchan2.', now(), 'eunchan2', now(), 'eunchan2');

-- 123개의 게시글
insert into article (user_id, title, content, created_by, modified_by, created_at, modified_at) values ('eunchan', 'Proin interdum mauris non ligula pellentesque ultrices.', 'Integer ac leo. Pellentesque ultrices mattis odio. Donec vitae nisi.', 'Aindrea', 'Tudor', '2024-05-27 15:02:07', '2024-03-10 23:47:22');
insert into article (user_id, title, content, created_by, modified_by, created_at, modified_at) values ('eunchan2', 'Nulla facilisi.', 'In congue. Etiam justo. Etiam pretium iaculis justo.', 'Catherin', 'Alikee', '2023-11-09 05:47:15', '2024-07-21 12:25:24');
insert into article (user_id, title, content, created_by, modified_by, created_at, modified_at) values ('eunchan', 'Maecenas tristique, est et tempus semper, est quam pharetra magna, ac consequat metus sapien ut nunc.', 'Proin leo odio, porttitor id, consequat in, consequat ut, nulla. Sed accumsan felis. Ut at dolor quis odio consequat varius.', 'Cornelia', 'Pascal', '2024-07-24 18:46:28', '2024-08-03 04:54:58');
insert into article (user_id, title, content, created_by, modified_by, created_at, modified_at) values ('eunchan2', 'Integer a nibh.', 'Sed ante. Vivamus tortor. Duis mattis egestas metus.', 'Melessa', 'Emylee', '2023-12-29 03:15:48', '2024-03-19 09:38:45');
insert into article (user_id, title, content, created_by, modified_by, created_at, modified_at) values ('eunchan', 'Donec ut dolor.', 'In hac habitasse platea dictumst. Morbi vestibulum, velit id pretium iaculis, diam erat fermentum justo, nec condimentum neque sapien placerat ante. Nulla justo.', 'Cheslie', 'Cecilia', '2024-03-09 22:17:20', '2024-05-25 17:26:07');
insert into article (user_id, title, content, created_by, modified_by, created_at, modified_at) values ('eunchan', 'Quisque porta volutpat erat.', 'Nullam porttitor lacus at turpis. Donec posuere metus vitae ipsum. Aliquam non mauris.', 'Dougy', 'L;urette', '2023-09-16 16:00:32', '2024-02-18 20:45:35');
insert into article (user_id, title, content, created_by, modified_by, created_at, modified_at) values ('eunchan', 'In hac habitasse platea dictumst.', 'Quisque id justo sit amet sapien dignissim vestibulum. Vestibulum ante ipsum primis in faucibus orci luctus et ultrices posuere cubilia Curae; Nulla dapibus dolor vel est. Donec odio justo, sollicitudin ut, suscipit a, feugiat et, eros.', 'Merrily', 'Nicolette', '2024-02-21 08:18:30', '2024-05-25 09:28:37');
insert into article (user_id, title, content, created_by, modified_by, created_at, modified_at) values ('eunchan', 'Curabitur convallis.', 'In quis justo. Maecenas rhoncus aliquam lacus. Morbi quis tortor id nulla ultrices aliquet.', 'Jodi', 'Joellyn', '2024-06-30 18:06:36', '2024-06-25 12:20:10');
insert into article (user_id, title, content, created_by, modified_by, created_at, modified_at) values ('eunchan', 'Nullam orci pede, venenatis non, sodales sed, tincidunt eu, felis.', 'Proin interdum mauris non ligula pellentesque ultrices. Phasellus id sapien in sapien iaculis congue. Vivamus metus arcu, adipiscing molestie, hendrerit at, vulputate vitae, nisl.', 'Thorndike', 'Aldus', '2024-07-02 19:17:15', '2024-01-09 00:25:21');
insert into article (user_id, title, content, created_by, modified_by, created_at, modified_at) values ('eunchan2', 'Quisque id justo sit amet sapien dignissim vestibulum.', 'Duis aliquam convallis nunc. Proin at turpis a pede posuere nonummy. Integer non velit.', 'Ulrikaumeko', 'Milton', '2024-03-02 01:00:52', '2024-03-30 07:20:31');
insert into article (user_id, title, content, created_by, modified_by, created_at, modified_at) values ('eunchan2', 'Donec odio justo, sollicitudin ut, suscipit a, feugiat et, eros.', 'Phasellus in felis. Donec semper sapien a libero. Nam dui.', 'Elset', 'Marcellina', '2024-05-24 04:08:05', '2024-04-11 07:49:46');
insert into article (user_id, title, content, created_by, modified_by, created_at, modified_at) values ('eunchan', 'Donec posuere metus vitae ipsum.', 'Aenean lectus. Pellentesque eget nunc. Donec quis orci eget orci vehicula condimentum.', 'Arthur', 'Serge', '2024-01-08 04:04:56', '2024-02-02 17:59:26');
insert into article (user_id, title, content, created_by, modified_by, created_at, modified_at) values ('eunchan', 'Duis consequat dui nec nisi volutpat eleifend.', 'Sed sagittis. Nam congue, risus semper porta volutpat, quam pede lobortis ligula, sit amet eleifend pede libero quis orci. Nullam molestie nibh in lectus.', 'Lilyan', 'Marguerite', '2024-04-29 10:36:25', '2023-12-09 09:52:22');
insert into article (user_id, title, content, created_by, modified_by, created_at, modified_at) values ('eunchan', 'Vestibulum ante ipsum primis in faucibus orci luctus et ultrices posuere cubilia Curae; Mauris viverra diam vitae quam.', 'Duis bibendum. Morbi non quam nec dui luctus rutrum. Nulla tellus.', 'Barbee', 'Arden', '2023-11-28 03:46:54', '2024-06-10 04:35:48');
insert into article (user_id, title, content, created_by, modified_by, created_at, modified_at) values ('eunchan', 'Nulla ac enim.', 'Phasellus in felis. Donec semper sapien a libero. Nam dui.', 'Jamal', 'Lanae', '2023-12-11 13:51:46', '2024-05-29 09:20:20');
insert into article (user_id, title, content, created_by, modified_by, created_at, modified_at) values ('eunchan2', 'Donec ut mauris eget massa tempor convallis.', 'Nullam sit amet turpis elementum ligula vehicula consequat. Morbi a ipsum. Integer a nibh.', 'Boyce', 'Tamiko', '2023-11-13 08:45:13', '2024-01-09 04:46:37');
insert into article (user_id, title, content, created_by, modified_by, created_at, modified_at) values ('eunchan', 'Pellentesque at nulla.', 'Cum sociis natoque penatibus et magnis dis parturient montes, nascetur ridiculus mus. Vivamus vestibulum sagittis sapien. Cum sociis natoque penatibus et magnis dis parturient montes, nascetur ridiculus mus.', 'Ardath', 'Hazlett', '2024-05-23 05:02:45', '2024-06-18 00:46:50');
insert into article (user_id, title, content, created_by, modified_by, created_at, modified_at) values ('eunchan', 'Nullam varius.', 'Maecenas ut massa quis augue luctus tincidunt. Nulla mollis molestie lorem. Quisque ut erat.', 'Dannie', 'Kev', '2024-04-27 17:47:11', '2024-05-26 02:29:11');
insert into article (user_id, title, content, created_by, modified_by, created_at, modified_at) values ('eunchan2', 'Curabitur convallis.', 'Fusce posuere felis sed lacus. Morbi sem mauris, laoreet ut, rhoncus aliquet, pulvinar sed, nisl. Nunc rhoncus dui vel sem.', 'Maybelle', 'Frans', '2024-06-12 23:44:44', '2024-04-03 19:15:15');
insert into article (user_id, title, content, created_by, modified_by, created_at, modified_at) values ('eunchan', 'Quisque id justo sit amet sapien dignissim vestibulum.', 'In hac habitasse platea dictumst. Morbi vestibulum, velit id pretium iaculis, diam erat fermentum justo, nec condimentum neque sapien placerat ante. Nulla justo.', 'Humfrid', 'Barri', '2024-07-06 08:49:52', '2023-08-08 09:33:33');
insert into article (user_id, title, content, created_by, modified_by, created_at, modified_at) values ('eunchan2', 'In congue.', 'Phasellus sit amet erat. Nulla tempus. Vivamus in felis eu sapien cursus vestibulum.', 'Madge', 'Dionne', '2024-06-02 02:37:25', '2024-07-20 15:37:24');
insert into article (user_id, title, content, created_by, modified_by, created_at, modified_at) values ('eunchan2', 'Quisque arcu libero, rutrum ac, lobortis vel, dapibus at, diam.', 'Lorem ipsum dolor sit amet, consectetuer adipiscing elit. Proin risus. Praesent lectus.', 'Ewan', 'Ramsey', '2024-05-31 20:37:34', '2024-04-28 13:31:28');
insert into article (user_id, title, content, created_by, modified_by, created_at, modified_at) values ('eunchan2', 'Donec diam neque, vestibulum eget, vulputate ut, ultrices vel, augue.', 'Vestibulum quam sapien, varius ut, blandit non, interdum in, ante. Vestibulum ante ipsum primis in faucibus orci luctus et ultrices posuere cubilia Curae; Duis faucibus accumsan odio. Curabitur convallis.', 'Eveline', 'Evvy', '2024-06-01 00:04:03', '2023-10-29 00:47:02');
insert into article (user_id, title, content, created_by, modified_by, created_at, modified_at) values ('eunchan', 'Nulla facilisi.', 'Maecenas leo odio, condimentum id, luctus nec, molestie sed, justo. Pellentesque viverra pede ac diam. Cras pellentesque volutpat dui.', 'Bearnard', 'Thornie', '2023-09-07 15:10:59', '2024-02-21 18:56:11');
insert into article (user_id, title, content, created_by, modified_by, created_at, modified_at) values ('eunchan2', 'Maecenas rhoncus aliquam lacus.', 'Phasellus in felis. Donec semper sapien a libero. Nam dui.', 'Therine', 'Valle', '2024-06-20 13:41:13', '2024-03-06 13:09:45');
insert into article (user_id, title, content, created_by, modified_by, created_at, modified_at) values ('eunchan2', 'Curabitur convallis.', 'Aenean lectus. Pellentesque eget nunc. Donec quis orci eget orci vehicula condimentum.', 'Bronny', 'Lovell', '2024-05-17 08:28:52', '2024-06-25 17:09:41');
insert into article (user_id, title, content, created_by, modified_by, created_at, modified_at) values ('eunchan2', 'Vestibulum rutrum rutrum neque.', 'Cum sociis natoque penatibus et magnis dis parturient montes, nascetur ridiculus mus. Vivamus vestibulum sagittis sapien. Cum sociis natoque penatibus et magnis dis parturient montes, nascetur ridiculus mus.', 'Ernestine', 'Cody', '2024-05-28 21:51:19', '2024-03-30 19:35:39');
insert into article (user_id, title, content, created_by, modified_by, created_at, modified_at) values ('eunchan', 'Vestibulum ante ipsum primis in faucibus orci luctus et ultrices posuere cubilia Curae; Duis faucibus accumsan odio.', 'Curabitur at ipsum ac tellus semper interdum. Mauris ullamcorper purus sit amet nulla. Quisque arcu libero, rutrum ac, lobortis vel, dapibus at, diam.', 'Garrett', 'Jacki', '2024-02-01 01:09:45', '2023-12-17 20:56:39');
insert into article (user_id, title, content, created_by, modified_by, created_at, modified_at) values ('eunchan2', 'Donec dapibus.', 'In sagittis dui vel nisl. Duis ac nibh. Fusce lacus purus, aliquet at, feugiat non, pretium quis, lectus.', 'Caril', 'Christine', '2024-05-10 19:23:18', '2024-07-11 21:18:34');
insert into article (user_id, title, content, created_by, modified_by, created_at, modified_at) values ('eunchan', 'Sed sagittis.', 'In congue. Etiam justo. Etiam pretium iaculis justo.', 'Brande', 'Shirline', '2023-09-12 00:52:49', '2023-09-12 14:30:11');
insert into article (user_id, title, content, created_by, modified_by, created_at, modified_at) values ('eunchan2', 'Vivamus tortor.', 'Suspendisse potenti. In eleifend quam a odio. In hac habitasse platea dictumst.', 'Drucill', 'Florina', '2023-08-13 20:00:19', '2024-07-18 00:29:21');
insert into article (user_id, title, content, created_by, modified_by, created_at, modified_at) values ('eunchan2', 'Morbi ut odio.', 'In quis justo. Maecenas rhoncus aliquam lacus. Morbi quis tortor id nulla ultrices aliquet.', 'Loreen', 'Ardith', '2024-02-07 06:10:04', '2023-11-09 12:15:20');
insert into article (user_id, title, content, created_by, modified_by, created_at, modified_at) values ('eunchan2', 'Mauris lacinia sapien quis libero.', 'In hac habitasse platea dictumst. Etiam faucibus cursus urna. Ut tellus.', 'Burk', 'Rhona', '2023-09-25 08:54:29', '2024-01-10 11:02:36');
insert into article (user_id, title, content, created_by, modified_by, created_at, modified_at) values ('eunchan', 'Nullam varius.', 'Cras mi pede, malesuada in, imperdiet et, commodo vulputate, justo. In blandit ultrices enim. Lorem ipsum dolor sit amet, consectetuer adipiscing elit.', 'Margaretta', 'Eve', '2024-07-13 21:40:14', '2024-05-17 14:30:58');
insert into article (user_id, title, content, created_by, modified_by, created_at, modified_at) values ('eunchan', 'Phasellus in felis.', 'Nullam porttitor lacus at turpis. Donec posuere metus vitae ipsum. Aliquam non mauris.', 'Sheila', 'Elsbeth', '2023-08-31 06:07:41', '2024-08-01 02:04:43');
insert into article (user_id, title, content, created_by, modified_by, created_at, modified_at) values ('eunchan', 'Integer non velit.', 'Morbi porttitor lorem id ligula. Suspendisse ornare consequat lectus. In est risus, auctor sed, tristique in, tempus sit amet, sem.', 'Georgetta', 'Kriste', '2024-03-30 00:55:07', '2024-07-18 06:45:53');
insert into article (user_id, title, content, created_by, modified_by, created_at, modified_at) values ('eunchan2', 'Nulla tellus.', 'Lorem ipsum dolor sit amet, consectetuer adipiscing elit. Proin risus. Praesent lectus.', 'Temp', 'Gwen', '2024-07-26 03:39:05', '2024-04-14 22:58:54');
insert into article (user_id, title, content, created_by, modified_by, created_at, modified_at) values ('eunchan2', 'Maecenas ut massa quis augue luctus tincidunt.', 'In quis justo. Maecenas rhoncus aliquam lacus. Morbi quis tortor id nulla ultrices aliquet.', 'Michell', 'Clemmie', '2024-01-16 00:24:55', '2023-12-11 03:47:15');
insert into article (user_id, title, content, created_by, modified_by, created_at, modified_at) values ('eunchan', 'Suspendisse ornare consequat lectus.', 'Proin leo odio, porttitor id, consequat in, consequat ut, nulla. Sed accumsan felis. Ut at dolor quis odio consequat varius.', 'Anet', 'Marv', '2024-06-11 21:49:04', '2023-11-05 15:19:31');
insert into article (user_id, title, content, created_by, modified_by, created_at, modified_at) values ('eunchan2', 'Ut at dolor quis odio consequat varius.', 'Integer tincidunt ante vel ipsum. Praesent blandit lacinia erat. Vestibulum sed magna at nunc commodo placerat.', 'Bonnie', 'Philis', '2023-11-12 00:29:07', '2024-07-26 20:03:36');
insert into article (user_id, title, content, created_by, modified_by, created_at, modified_at) values ('eunchan', 'Maecenas ut massa quis augue luctus tincidunt.', 'Nullam porttitor lacus at turpis. Donec posuere metus vitae ipsum. Aliquam non mauris.', 'Trevor', 'Lester', '2024-03-30 03:03:23', '2024-06-16 03:04:20');
insert into article (user_id, title, content, created_by, modified_by, created_at, modified_at) values ('eunchan', 'Maecenas tristique, est et tempus semper, est quam pharetra magna, ac consequat metus sapien ut nunc.', 'Praesent blandit. Nam nulla. Integer pede justo, lacinia eget, tincidunt eget, tempus vel, pede.', 'Orazio', 'Nancy', '2024-03-01 21:56:29', '2024-02-20 23:00:45');
insert into article (user_id, title, content, created_by, modified_by, created_at, modified_at) values ('eunchan', 'Praesent blandit.', 'Pellentesque at nulla. Suspendisse potenti. Cras in purus eu magna vulputate luctus.', 'Nero', 'Lowe', '2024-05-13 15:48:12', '2023-11-29 14:10:28');
insert into article (user_id, title, content, created_by, modified_by, created_at, modified_at) values ('eunchan', 'Donec semper sapien a libero.', 'In hac habitasse platea dictumst. Etiam faucibus cursus urna. Ut tellus.', 'Roseline', 'Ruperto', '2024-01-03 19:35:35', '2024-03-09 08:20:29');
insert into article (user_id, title, content, created_by, modified_by, created_at, modified_at) values ('eunchan', 'Morbi odio odio, elementum eu, interdum eu, tincidunt in, leo.', 'Morbi porttitor lorem id ligula. Suspendisse ornare consequat lectus. In est risus, auctor sed, tristique in, tempus sit amet, sem.', 'Frederique', 'Linea', '2023-11-22 22:26:43', '2024-02-20 16:07:22');
insert into article (user_id, title, content, created_by, modified_by, created_at, modified_at) values ('eunchan2', 'Vivamus metus arcu, adipiscing molestie, hendrerit at, vulputate vitae, nisl.', 'Curabitur gravida nisi at nibh. In hac habitasse platea dictumst. Aliquam augue quam, sollicitudin vitae, consectetuer eget, rutrum at, lorem.', 'Bria', 'Lena', '2024-01-03 05:01:21', '2024-04-15 09:10:52');
insert into article (user_id, title, content, created_by, modified_by, created_at, modified_at) values ('eunchan', 'Integer non velit.', 'In hac habitasse platea dictumst. Morbi vestibulum, velit id pretium iaculis, diam erat fermentum justo, nec condimentum neque sapien placerat ante. Nulla justo.', 'Leigh', 'Daryn', '2023-11-15 00:48:06', '2024-07-05 06:19:39');
insert into article (user_id, title, content, created_by, modified_by, created_at, modified_at) values ('eunchan2', 'Nunc purus.', 'Phasellus in felis. Donec semper sapien a libero. Nam dui.', 'Consolata', 'Eldridge', '2024-01-17 23:17:33', '2023-09-12 00:08:36');
insert into article (user_id, title, content, created_by, modified_by, created_at, modified_at) values ('eunchan', 'Pellentesque viverra pede ac diam.', 'Phasellus in felis. Donec semper sapien a libero. Nam dui.', 'Jarid', 'Lynda', '2024-07-04 03:38:16', '2023-08-22 07:11:23');
insert into article (user_id, title, content, created_by, modified_by, created_at, modified_at) values ('eunchan', 'Praesent lectus.', 'Duis aliquam convallis nunc. Proin at turpis a pede posuere nonummy. Integer non velit.', 'Bobbye', 'Garth', '2024-04-24 10:28:52', '2024-07-22 10:39:42');
insert into article (user_id, title, content, created_by, modified_by, created_at, modified_at) values ('eunchan', 'Mauris ullamcorper purus sit amet nulla.', 'Fusce consequat. Nulla nisl. Nunc nisl.', 'Lorin', 'Jemimah', '2023-09-20 14:07:52', '2024-04-26 17:25:50');
insert into article (user_id, title, content, created_by, modified_by, created_at, modified_at) values ('eunchan2', 'Aliquam sit amet diam in magna bibendum imperdiet.', 'In hac habitasse platea dictumst. Morbi vestibulum, velit id pretium iaculis, diam erat fermentum justo, nec condimentum neque sapien placerat ante. Nulla justo.', 'Taber', 'Robinet', '2024-07-29 16:27:51', '2023-12-22 02:09:51');
insert into article (user_id, title, content, created_by, modified_by, created_at, modified_at) values ('eunchan', 'Vestibulum ante ipsum primis in faucibus orci luctus et ultrices posuere cubilia Curae; Duis faucibus accumsan odio.', 'Duis consequat dui nec nisi volutpat eleifend. Donec ut dolor. Morbi vel lectus in quam fringilla rhoncus.', 'Margette', 'Denyse', '2023-08-29 03:27:46', '2023-11-07 03:03:29');
insert into article (user_id, title, content, created_by, modified_by, created_at, modified_at) values ('eunchan', 'Integer pede justo, lacinia eget, tincidunt eget, tempus vel, pede.', 'Vestibulum quam sapien, varius ut, blandit non, interdum in, ante. Vestibulum ante ipsum primis in faucibus orci luctus et ultrices posuere cubilia Curae; Duis faucibus accumsan odio. Curabitur convallis.', 'Emmalee', 'Collen', '2023-08-07 06:35:36', '2023-12-24 22:44:13');
insert into article (user_id, title, content, created_by, modified_by, created_at, modified_at) values ('eunchan', 'In hac habitasse platea dictumst.', 'Duis consequat dui nec nisi volutpat eleifend. Donec ut dolor. Morbi vel lectus in quam fringilla rhoncus.', 'Jemima', 'Valencia', '2023-10-11 03:24:17', '2024-02-04 17:01:57');
insert into article (user_id, title, content, created_by, modified_by, created_at, modified_at) values ('eunchan', 'In congue.', 'Aliquam quis turpis eget elit sodales scelerisque. Mauris sit amet eros. Suspendisse accumsan tortor quis turpis.', 'Nanny', 'Lizbeth', '2024-01-07 00:12:06', '2023-09-11 10:52:57');
insert into article (user_id, title, content, created_by, modified_by, created_at, modified_at) values ('eunchan', 'Nunc purus.', 'In hac habitasse platea dictumst. Morbi vestibulum, velit id pretium iaculis, diam erat fermentum justo, nec condimentum neque sapien placerat ante. Nulla justo.', 'Kelcie', 'Cordie', '2023-09-28 21:22:56', '2023-12-09 21:14:05');
insert into article (user_id, title, content, created_by, modified_by, created_at, modified_at) values ('eunchan2', 'Mauris lacinia sapien quis libero.', 'Duis aliquam convallis nunc. Proin at turpis a pede posuere nonummy. Integer non velit.', 'Carolee', 'Catlee', '2024-06-19 12:43:12', '2024-05-01 10:24:49');
insert into article (user_id, title, content, created_by, modified_by, created_at, modified_at) values ('eunchan', 'Maecenas pulvinar lobortis est.', 'Integer ac leo. Pellentesque ultrices mattis odio. Donec vitae nisi.', 'Courtenay', 'Lucy', '2023-12-12 11:39:06', '2023-11-03 23:23:22');
insert into article (user_id, title, content, created_by, modified_by, created_at, modified_at) values ('eunchan2', 'Fusce congue, diam id ornare imperdiet, sapien urna pretium nisl, ut volutpat sapien arcu sed augue.', 'Integer tincidunt ante vel ipsum. Praesent blandit lacinia erat. Vestibulum sed magna at nunc commodo placerat.', 'Bern', 'Eunice', '2024-08-06 09:36:38', '2024-04-18 03:10:46');
insert into article (user_id, title, content, created_by, modified_by, created_at, modified_at) values ('eunchan2', 'Nulla justo.', 'Morbi porttitor lorem id ligula. Suspendisse ornare consequat lectus. In est risus, auctor sed, tristique in, tempus sit amet, sem.', 'Gabriella', 'Liana', '2024-07-18 22:29:24', '2023-10-16 19:06:06');
insert into article (user_id, title, content, created_by, modified_by, created_at, modified_at) values ('eunchan2', 'Aenean fermentum.', 'Praesent id massa id nisl venenatis lacinia. Aenean sit amet justo. Morbi ut odio.', 'Ibbie', 'Jo-ann', '2024-04-27 06:31:59', '2024-05-12 02:46:50');
insert into article (user_id, title, content, created_by, modified_by, created_at, modified_at) values ('eunchan', 'Sed accumsan felis.', 'Aliquam quis turpis eget elit sodales scelerisque. Mauris sit amet eros. Suspendisse accumsan tortor quis turpis.', 'Sibyl', 'Zelig', '2024-01-31 22:31:05', '2024-06-15 15:04:49');
insert into article (user_id, title, content, created_by, modified_by, created_at, modified_at) values ('eunchan2', 'In hac habitasse platea dictumst.', 'Sed sagittis. Nam congue, risus semper porta volutpat, quam pede lobortis ligula, sit amet eleifend pede libero quis orci. Nullam molestie nibh in lectus.', 'Cynthy', 'Shaylyn', '2024-06-21 06:11:47', '2024-05-17 06:47:29');
insert into article (user_id, title, content, created_by, modified_by, created_at, modified_at) values ('eunchan2', 'In hac habitasse platea dictumst.', 'Duis aliquam convallis nunc. Proin at turpis a pede posuere nonummy. Integer non velit.', 'Gian', 'Tanner', '2024-02-01 15:58:57', '2024-06-22 07:41:12');
insert into article (user_id, title, content, created_by, modified_by, created_at, modified_at) values ('eunchan', 'Duis bibendum.', 'Aenean fermentum. Donec ut mauris eget massa tempor convallis. Nulla neque libero, convallis eget, eleifend luctus, ultricies eu, nibh.', 'Beverlee', 'Ricoriki', '2024-04-28 07:27:21', '2024-06-09 18:25:03');
insert into article (user_id, title, content, created_by, modified_by, created_at, modified_at) values ('eunchan2', 'Fusce consequat.', 'Etiam vel augue. Vestibulum rutrum rutrum neque. Aenean auctor gravida sem.', 'Ebba', 'Ettie', '2024-02-01 11:44:50', '2024-01-04 18:26:31');
insert into article (user_id, title, content, created_by, modified_by, created_at, modified_at) values ('eunchan2', 'Aliquam quis turpis eget elit sodales scelerisque.', 'Cras non velit nec nisi vulputate nonummy. Maecenas tincidunt lacus at velit. Vivamus vel nulla eget eros elementum pellentesque.', 'Clo', 'Miranda', '2024-02-27 04:55:47', '2023-10-14 22:48:42');
insert into article (user_id, title, content, created_by, modified_by, created_at, modified_at) values ('eunchan2', 'Integer ac neque.', 'Nam ultrices, libero non mattis pulvinar, nulla pede ullamcorper augue, a suscipit nulla elit ac nulla. Sed vel enim sit amet nunc viverra dapibus. Nulla suscipit ligula in lacus.', 'Collie', 'Ryun', '2024-02-16 12:38:07', '2024-08-02 22:23:25');
insert into article (user_id, title, content, created_by, modified_by, created_at, modified_at) values ('eunchan', 'Morbi vel lectus in quam fringilla rhoncus.', 'In quis justo. Maecenas rhoncus aliquam lacus. Morbi quis tortor id nulla ultrices aliquet.', 'Colver', 'Yolanda', '2023-12-24 12:44:44', '2024-02-21 10:35:07');
insert into article (user_id, title, content, created_by, modified_by, created_at, modified_at) values ('eunchan', 'Sed sagittis.', 'Suspendisse potenti. In eleifend quam a odio. In hac habitasse platea dictumst.', 'Ogdon', 'Duff', '2023-11-30 09:05:25', '2024-04-18 05:36:24');
insert into article (user_id, title, content, created_by, modified_by, created_at, modified_at) values ('eunchan2', 'Integer ac leo.', 'Aenean lectus. Pellentesque eget nunc. Donec quis orci eget orci vehicula condimentum.', 'Anetta', 'Kinny', '2024-04-13 03:28:14', '2024-04-28 02:34:43');
insert into article (user_id, title, content, created_by, modified_by, created_at, modified_at) values ('eunchan', 'In hac habitasse platea dictumst.', 'Nullam sit amet turpis elementum ligula vehicula consequat. Morbi a ipsum. Integer a nibh.', 'Joscelin', 'Melodie', '2023-10-22 01:43:10', '2024-03-22 09:01:32');
insert into article (user_id, title, content, created_by, modified_by, created_at, modified_at) values ('eunchan', 'Vivamus vel nulla eget eros elementum pellentesque.', 'Duis bibendum. Morbi non quam nec dui luctus rutrum. Nulla tellus.', 'Ernesta', 'Rodger', '2023-09-21 02:27:15', '2024-01-13 07:12:33');
insert into article (user_id, title, content, created_by, modified_by, created_at, modified_at) values ('eunchan2', 'Curabitur in libero ut massa volutpat convallis.', 'Nulla ut erat id mauris vulputate elementum. Nullam varius. Nulla facilisi.', 'Huey', 'Tom', '2024-01-21 03:52:09', '2023-09-02 06:43:31');
insert into article (user_id, title, content, created_by, modified_by, created_at, modified_at) values ('eunchan', 'Vestibulum ante ipsum primis in faucibus orci luctus et ultrices posuere cubilia Curae; Mauris viverra diam vitae quam.', 'Lorem ipsum dolor sit amet, consectetuer adipiscing elit. Proin risus. Praesent lectus.', 'Garrot', 'Sumner', '2024-04-24 10:55:10', '2024-05-13 02:23:14');
insert into article (user_id, title, content, created_by, modified_by, created_at, modified_at) values ('eunchan2', 'Integer pede justo, lacinia eget, tincidunt eget, tempus vel, pede.', 'Phasellus in felis. Donec semper sapien a libero. Nam dui.', 'Clair', 'Goddard', '2023-08-20 05:10:30', '2024-05-04 14:24:34');
insert into article (user_id, title, content, created_by, modified_by, created_at, modified_at) values ('eunchan2', 'Ut at dolor quis odio consequat varius.', 'Nullam sit amet turpis elementum ligula vehicula consequat. Morbi a ipsum. Integer a nibh.', 'Petronia', 'Filip', '2023-10-20 19:57:01', '2023-09-17 12:26:04');
insert into article (user_id, title, content, created_by, modified_by, created_at, modified_at) values ('eunchan2', 'Vestibulum quam sapien, varius ut, blandit non, interdum in, ante.', 'Quisque id justo sit amet sapien dignissim vestibulum. Vestibulum ante ipsum primis in faucibus orci luctus et ultrices posuere cubilia Curae; Nulla dapibus dolor vel est. Donec odio justo, sollicitudin ut, suscipit a, feugiat et, eros.', 'Blair', 'Dorothy', '2023-09-02 06:45:42', '2024-02-16 02:13:47');
insert into article (user_id, title, content, created_by, modified_by, created_at, modified_at) values ('eunchan2', 'Aenean fermentum.', 'Proin eu mi. Nulla ac enim. In tempor, turpis nec euismod scelerisque, quam turpis adipiscing lorem, vitae mattis nibh ligula nec sem.', 'Elden', 'Jocelyn', '2023-10-03 16:55:39', '2024-02-21 23:01:16');
insert into article (user_id, title, content, created_by, modified_by, created_at, modified_at) values ('eunchan2', 'Morbi quis tortor id nulla ultrices aliquet.', 'Fusce posuere felis sed lacus. Morbi sem mauris, laoreet ut, rhoncus aliquet, pulvinar sed, nisl. Nunc rhoncus dui vel sem.', 'Brandon', 'Ariel', '2024-02-12 19:29:56', '2024-03-01 05:19:39');
insert into article (user_id, title, content, created_by, modified_by, created_at, modified_at) values ('eunchan2', 'Duis ac nibh.', 'Quisque id justo sit amet sapien dignissim vestibulum. Vestibulum ante ipsum primis in faucibus orci luctus et ultrices posuere cubilia Curae; Nulla dapibus dolor vel est. Donec odio justo, sollicitudin ut, suscipit a, feugiat et, eros.', 'Tate', 'Krystal', '2024-07-23 17:33:21', '2024-05-21 21:50:37');
insert into article (user_id, title, content, created_by, modified_by, created_at, modified_at) values ('eunchan2', 'Nullam porttitor lacus at turpis.', 'Phasellus sit amet erat. Nulla tempus. Vivamus in felis eu sapien cursus vestibulum.', 'Daryle', 'Hill', '2024-04-01 01:17:13', '2024-04-13 20:24:15');
insert into article (user_id, title, content, created_by, modified_by, created_at, modified_at) values ('eunchan2', 'Morbi quis tortor id nulla ultrices aliquet.', 'Nullam sit amet turpis elementum ligula vehicula consequat. Morbi a ipsum. Integer a nibh.', 'Ertha', 'Joyous', '2023-11-13 19:59:00', '2024-04-01 08:34:29');
insert into article (user_id, title, content, created_by, modified_by, created_at, modified_at) values ('eunchan2', 'Aenean fermentum.', 'Cras mi pede, malesuada in, imperdiet et, commodo vulputate, justo. In blandit ultrices enim. Lorem ipsum dolor sit amet, consectetuer adipiscing elit.', 'Bernice', 'Cornall', '2024-01-04 06:52:49', '2024-04-12 09:54:25');
insert into article (user_id, title, content, created_by, modified_by, created_at, modified_at) values ('eunchan', 'Donec semper sapien a libero.', 'Nam ultrices, libero non mattis pulvinar, nulla pede ullamcorper augue, a suscipit nulla elit ac nulla. Sed vel enim sit amet nunc viverra dapibus. Nulla suscipit ligula in lacus.', 'Celene', 'Matthaeus', '2024-04-16 13:11:39', '2023-10-07 07:09:16');
insert into article (user_id, title, content, created_by, modified_by, created_at, modified_at) values ('eunchan2', 'Vestibulum ante ipsum primis in faucibus orci luctus et ultrices posuere cubilia Curae; Duis faucibus accumsan odio.', 'In congue. Etiam justo. Etiam pretium iaculis justo.', 'Abbot', 'Nariko', '2023-11-18 22:42:34', '2023-10-26 16:25:52');
insert into article (user_id, title, content, created_by, modified_by, created_at, modified_at) values ('eunchan', 'In hac habitasse platea dictumst.', 'Praesent blandit. Nam nulla. Integer pede justo, lacinia eget, tincidunt eget, tempus vel, pede.', 'Elwira', 'Babbette', '2023-09-20 13:46:14', '2024-04-23 13:26:27');
insert into article (user_id, title, content, created_by, modified_by, created_at, modified_at) values ('eunchan2', 'Duis consequat dui nec nisi volutpat eleifend.', 'Proin leo odio, porttitor id, consequat in, consequat ut, nulla. Sed accumsan felis. Ut at dolor quis odio consequat varius.', 'Sayres', 'Nathanil', '2023-09-03 07:53:35', '2023-08-31 03:20:50');
insert into article (user_id, title, content, created_by, modified_by, created_at, modified_at) values ('eunchan2', 'Fusce congue, diam id ornare imperdiet, sapien urna pretium nisl, ut volutpat sapien arcu sed augue.', 'Duis bibendum. Morbi non quam nec dui luctus rutrum. Nulla tellus.', 'Kip', 'Gertrudis', '2024-06-26 18:14:35', '2023-12-29 01:01:26');
insert into article (user_id, title, content, created_by, modified_by, created_at, modified_at) values ('eunchan', 'Morbi sem mauris, laoreet ut, rhoncus aliquet, pulvinar sed, nisl.', 'Proin eu mi. Nulla ac enim. In tempor, turpis nec euismod scelerisque, quam turpis adipiscing lorem, vitae mattis nibh ligula nec sem.', 'Blair', 'Chloris', '2023-12-11 01:49:52', '2024-02-29 15:21:56');
insert into article (user_id, title, content, created_by, modified_by, created_at, modified_at) values ('eunchan2', 'Integer aliquet, massa id lobortis convallis, tortor risus dapibus augue, vel accumsan tellus nisi eu orci.', 'Duis bibendum, felis sed interdum venenatis, turpis enim blandit mi, in porttitor pede justo eu massa. Donec dapibus. Duis at velit eu est congue elementum.', 'Ephrayim', 'Lotty', '2024-04-15 21:32:43', '2023-09-06 14:22:20');
insert into article (user_id, title, content, created_by, modified_by, created_at, modified_at) values ('eunchan', 'Cras pellentesque volutpat dui.', 'Fusce posuere felis sed lacus. Morbi sem mauris, laoreet ut, rhoncus aliquet, pulvinar sed, nisl. Nunc rhoncus dui vel sem.', 'Mac', 'Aurea', '2023-09-24 16:15:22', '2023-12-13 18:32:21');
insert into article (user_id, title, content, created_by, modified_by, created_at, modified_at) values ('eunchan2', 'In hac habitasse platea dictumst.', 'In sagittis dui vel nisl. Duis ac nibh. Fusce lacus purus, aliquet at, feugiat non, pretium quis, lectus.', 'Yelena', 'Morna', '2023-12-30 06:27:36', '2023-09-29 19:23:23');
insert into article (user_id, title, content, created_by, modified_by, created_at, modified_at) values ('eunchan', 'In eleifend quam a odio.', 'Integer tincidunt ante vel ipsum. Praesent blandit lacinia erat. Vestibulum sed magna at nunc commodo placerat.', 'Duke', 'Sherri', '2024-03-30 21:11:11', '2024-08-01 07:37:29');
insert into article (user_id, title, content, created_by, modified_by, created_at, modified_at) values ('eunchan', 'Vestibulum rutrum rutrum neque.', 'Aenean lectus. Pellentesque eget nunc. Donec quis orci eget orci vehicula condimentum.', 'Nolana', 'Sebastian', '2024-04-29 13:00:27', '2024-07-03 03:11:58');
insert into article (user_id, title, content, created_by, modified_by, created_at, modified_at) values ('eunchan', 'Nam congue, risus semper porta volutpat, quam pede lobortis ligula, sit amet eleifend pede libero quis orci.', 'Integer ac leo. Pellentesque ultrices mattis odio. Donec vitae nisi.', 'Aleda', 'Olive', '2024-06-05 07:14:42', '2024-04-05 17:33:08');
insert into article (user_id, title, content, created_by, modified_by, created_at, modified_at) values ('eunchan', 'Vivamus in felis eu sapien cursus vestibulum.', 'Fusce posuere felis sed lacus. Morbi sem mauris, laoreet ut, rhoncus aliquet, pulvinar sed, nisl. Nunc rhoncus dui vel sem.', 'Horton', 'Marcella', '2024-07-21 20:49:02', '2023-09-14 23:56:08');
insert into article (user_id, title, content, created_by, modified_by, created_at, modified_at) values ('eunchan', 'Phasellus id sapien in sapien iaculis congue.', 'Aenean fermentum. Donec ut mauris eget massa tempor convallis. Nulla neque libero, convallis eget, eleifend luctus, ultricies eu, nibh.', 'Hartley', 'Corly', '2023-12-18 00:25:37', '2024-04-17 11:22:43');
insert into article (user_id, title, content, created_by, modified_by, created_at, modified_at) values ('eunchan2', 'Nullam sit amet turpis elementum ligula vehicula consequat.', 'Quisque porta volutpat erat. Quisque erat eros, viverra eget, congue eget, semper rutrum, nulla. Nunc purus.', 'Noach', 'Roseline', '2023-09-15 13:32:19', '2023-11-21 21:19:57');
insert into article (user_id, title, content, created_by, modified_by, created_at, modified_at) values ('eunchan', 'Vestibulum ante ipsum primis in faucibus orci luctus et ultrices posuere cubilia Curae; Mauris viverra diam vitae quam.', 'Etiam vel augue. Vestibulum rutrum rutrum neque. Aenean auctor gravida sem.', 'Wren', 'Tome', '2024-06-03 12:35:55', '2024-02-05 12:35:53');
insert into article (user_id, title, content, created_by, modified_by, created_at, modified_at) values ('eunchan2', 'Maecenas leo odio, condimentum id, luctus nec, molestie sed, justo.', 'Praesent id massa id nisl venenatis lacinia. Aenean sit amet justo. Morbi ut odio.', 'Babita', 'Camila', '2023-08-20 13:38:22', '2024-02-04 15:54:29');
insert into article (user_id, title, content, created_by, modified_by, created_at, modified_at) values ('eunchan2', 'Proin risus.', 'Integer tincidunt ante vel ipsum. Praesent blandit lacinia erat. Vestibulum sed magna at nunc commodo placerat.', 'Kathi', 'Maye', '2024-04-23 13:15:48', '2024-02-19 22:27:59');
insert into article (user_id, title, content, created_by, modified_by, created_at, modified_at) values ('eunchan2', 'Cras pellentesque volutpat dui.', 'Nam ultrices, libero non mattis pulvinar, nulla pede ullamcorper augue, a suscipit nulla elit ac nulla. Sed vel enim sit amet nunc viverra dapibus. Nulla suscipit ligula in lacus.', 'Philippa', 'Gwenneth', '2024-05-24 04:05:39', '2023-11-20 11:16:47');
insert into article (user_id, title, content, created_by, modified_by, created_at, modified_at) values ('eunchan', 'Nunc nisl.', 'Nullam porttitor lacus at turpis. Donec posuere metus vitae ipsum. Aliquam non mauris.', 'Toby', 'Diarmid', '2023-11-04 09:34:02', '2024-05-31 17:28:34');
insert into article (user_id, title, content, created_by, modified_by, created_at, modified_at) values ('eunchan', 'Maecenas tristique, est et tempus semper, est quam pharetra magna, ac consequat metus sapien ut nunc.', 'Integer tincidunt ante vel ipsum. Praesent blandit lacinia erat. Vestibulum sed magna at nunc commodo placerat.', 'Vernor', 'Marcel', '2023-12-11 14:58:00', '2024-05-01 02:53:08');
insert into article (user_id, title, content, created_by, modified_by, created_at, modified_at) values ('eunchan2', 'Proin leo odio, porttitor id, consequat in, consequat ut, nulla.', 'Morbi porttitor lorem id ligula. Suspendisse ornare consequat lectus. In est risus, auctor sed, tristique in, tempus sit amet, sem.', 'Derron', 'Dwight', '2024-06-01 00:13:19', '2023-10-13 10:17:52');
insert into article (user_id, title, content, created_by, modified_by, created_at, modified_at) values ('eunchan', 'Nullam varius.', 'Aliquam quis turpis eget elit sodales scelerisque. Mauris sit amet eros. Suspendisse accumsan tortor quis turpis.', 'Hildegarde', 'Kinsley', '2023-10-11 04:22:35', '2024-04-19 19:21:31');
insert into article (user_id, title, content, created_by, modified_by, created_at, modified_at) values ('eunchan2', 'Maecenas ut massa quis augue luctus tincidunt.', 'Vestibulum ac est lacinia nisi venenatis tristique. Fusce congue, diam id ornare imperdiet, sapien urna pretium nisl, ut volutpat sapien arcu sed augue. Aliquam erat volutpat.', 'Minda', 'Donetta', '2024-07-09 14:15:18', '2024-02-21 00:59:54');
insert into article (user_id, title, content, created_by, modified_by, created_at, modified_at) values ('eunchan2', 'Curabitur at ipsum ac tellus semper interdum.', 'Aenean lectus. Pellentesque eget nunc. Donec quis orci eget orci vehicula condimentum.', 'Bel', 'Marga', '2024-03-08 06:30:35', '2024-04-29 22:32:18');
insert into article (user_id, title, content, created_by, modified_by, created_at, modified_at) values ('eunchan', 'Integer tincidunt ante vel ipsum.', 'Suspendisse potenti. In eleifend quam a odio. In hac habitasse platea dictumst.', 'Field', 'Anet', '2024-05-04 07:38:16', '2024-07-25 01:26:08');
insert into article (user_id, title, content, created_by, modified_by, created_at, modified_at) values ('eunchan2', 'Praesent lectus.', 'Fusce posuere felis sed lacus. Morbi sem mauris, laoreet ut, rhoncus aliquet, pulvinar sed, nisl. Nunc rhoncus dui vel sem.', 'Hulda', 'Butch', '2023-09-18 01:41:04', '2023-10-31 00:17:56');
insert into article (user_id, title, content, created_by, modified_by, created_at, modified_at) values ('eunchan', 'Donec quis orci eget orci vehicula condimentum.', 'Nulla ut erat id mauris vulputate elementum. Nullam varius. Nulla facilisi.', 'Ignace', 'Morley', '2024-06-23 02:24:36', '2024-06-30 22:14:06');
insert into article (user_id, title, content, created_by, modified_by, created_at, modified_at) values ('eunchan', 'Praesent id massa id nisl venenatis lacinia.', 'Integer tincidunt ante vel ipsum. Praesent blandit lacinia erat. Vestibulum sed magna at nunc commodo placerat.', 'Siouxie', 'Sophie', '2024-06-08 19:16:40', '2024-03-03 07:44:36');
insert into article (user_id, title, content, created_by, modified_by, created_at, modified_at) values ('eunchan', 'Nunc rhoncus dui vel sem.', 'In hac habitasse platea dictumst. Etiam faucibus cursus urna. Ut tellus.', 'Leila', 'Joaquin', '2023-12-14 11:04:34', '2024-07-30 14:02:48');
insert into article (user_id, title, content, created_by, modified_by, created_at, modified_at) values ('eunchan2', 'Vestibulum ac est lacinia nisi venenatis tristique.', 'In hac habitasse platea dictumst. Morbi vestibulum, velit id pretium iaculis, diam erat fermentum justo, nec condimentum neque sapien placerat ante. Nulla justo.', 'Husein', 'Cybil', '2024-01-10 02:15:19', '2023-09-03 17:42:32');
insert into article (user_id, title, content, created_by, modified_by, created_at, modified_at) values ('eunchan', 'In hac habitasse platea dictumst.', 'Praesent id massa id nisl venenatis lacinia. Aenean sit amet justo. Morbi ut odio.', 'Benita', 'Jaymie', '2024-02-11 17:30:01', '2024-02-14 06:33:24');
insert into article (user_id, title, content, created_by, modified_by, created_at, modified_at) values ('eunchan', 'Fusce congue, diam id ornare imperdiet, sapien urna pretium nisl, ut volutpat sapien arcu sed augue.', 'Vestibulum quam sapien, varius ut, blandit non, interdum in, ante. Vestibulum ante ipsum primis in faucibus orci luctus et ultrices posuere cubilia Curae; Duis faucibus accumsan odio. Curabitur convallis.', 'Arlyn', 'Drake', '2024-03-22 23:46:02', '2023-09-20 18:47:50');
insert into article (user_id, title, content, created_by, modified_by, created_at, modified_at) values ('eunchan', 'Praesent lectus.', 'Nam ultrices, libero non mattis pulvinar, nulla pede ullamcorper augue, a suscipit nulla elit ac nulla. Sed vel enim sit amet nunc viverra dapibus. Nulla suscipit ligula in lacus.', 'Anjela', 'Claudell', '2024-05-27 12:02:12', '2024-05-14 01:19:38');
insert into article (user_id, title, content, created_by, modified_by, created_at, modified_at) values ('eunchan2', 'Quisque ut erat.', 'Cras non velit nec nisi vulputate nonummy. Maecenas tincidunt lacus at velit. Vivamus vel nulla eget eros elementum pellentesque.', 'Mellisent', 'Duane', '2023-10-09 06:46:47', '2023-11-17 08:28:41');
insert into article (user_id, title, content, created_by, modified_by, created_at, modified_at) values ('eunchan', 'Praesent lectus.', 'Curabitur in libero ut massa volutpat convallis. Morbi odio odio, elementum eu, interdum eu, tincidunt in, leo. Maecenas pulvinar lobortis est.', 'Keefe', 'Jaime', '2024-02-16 01:45:42', '2024-06-12 15:23:25');
insert into article (user_id, title, content, created_by, modified_by, created_at, modified_at) values ('eunchan2', 'Duis bibendum.', 'Fusce posuere felis sed lacus. Morbi sem mauris, laoreet ut, rhoncus aliquet, pulvinar sed, nisl. Nunc rhoncus dui vel sem.', 'Zak', 'Brendis', '2024-07-09 05:37:46', '2024-07-22 13:42:05');
insert into article (user_id, title, content, created_by, modified_by, created_at, modified_at) values ('eunchan', 'Curabitur convallis.', 'In sagittis dui vel nisl. Duis ac nibh. Fusce lacus purus, aliquet at, feugiat non, pretium quis, lectus.', 'Cookie', 'Benny', '2024-04-21 07:30:58', '2023-12-02 23:09:38');



-- 300개의 댓글
insert into article_comment (article_id, user_id, parent_comment_id, content, created_by, modified_by, created_at, modified_at) values (105, 'eunchan', null, 'Integer ac leo. Pellentesque ultrices mattis odio. Donec vitae nisi.', 'Klemens', 'Zacherie', '2024-03-27 11:50:58', '2024-06-27 21:18:27');
insert into article_comment (article_id, user_id, parent_comment_id, content, created_by, modified_by, created_at, modified_at) values (89, 'eunchan', null, 'Lorem ipsum dolor sit amet, consectetuer adipiscing elit. Proin risus. Praesent lectus.', 'Florenza', 'Curry', '2024-05-18 18:10:00', '2024-04-15 07:29:24');
insert into article_comment (article_id, user_id, parent_comment_id, content, created_by, modified_by, created_at, modified_at) values (22, 'eunchan2', null, 'Maecenas leo odio, condimentum id, luctus nec, molestie sed, justo. Pellentesque viverra pede ac diam. Cras pellentesque volutpat dui.', 'Clive', 'Haskell', '2023-12-15 19:57:48', '2024-03-22 18:51:10');
insert into article_comment (article_id, user_id, parent_comment_id, content, created_by, modified_by, created_at, modified_at) values (120, 'eunchan', null, 'Integer ac leo. Pellentesque ultrices mattis odio. Donec vitae nisi.', 'Davy', 'Cort', '2023-12-02 02:40:27', '2024-03-29 15:52:48');
insert into article_comment (article_id, user_id, parent_comment_id, content, created_by, modified_by, created_at, modified_at) values (78, 'eunchan2', null, 'Cum sociis natoque penatibus et magnis dis parturient montes, nascetur ridiculus mus. Vivamus vestibulum sagittis sapien. Cum sociis natoque penatibus et magnis dis parturient montes, nascetur ridiculus mus.', 'Hale', 'Mattie', '2024-07-11 22:57:05', '2024-02-06 15:45:41');
insert into article_comment (article_id, user_id, parent_comment_id, content, created_by, modified_by, created_at, modified_at) values (88, 'eunchan', null, 'Duis consequat dui nec nisi volutpat eleifend. Donec ut dolor. Morbi vel lectus in quam fringilla rhoncus.', 'Luz', 'Hewie', '2024-01-14 13:45:03', '2023-09-30 12:08:12');
insert into article_comment (article_id, user_id, parent_comment_id, content, created_by, modified_by, created_at, modified_at) values (114, 'eunchan', null, 'Duis bibendum. Morbi non quam nec dui luctus rutrum. Nulla tellus.', 'Ursula', 'Padraig', '2023-12-29 22:49:25', '2024-01-04 20:24:14');
insert into article_comment (article_id, user_id, parent_comment_id, content, created_by, modified_by, created_at, modified_at) values (18, 'eunchan', null, 'Aliquam quis turpis eget elit sodales scelerisque. Mauris sit amet eros. Suspendisse accumsan tortor quis turpis.', 'Corny', 'Cindie', '2024-06-24 17:55:13', '2023-09-17 15:22:28');
insert into article_comment (article_id, user_id, parent_comment_id, content, created_by, modified_by, created_at, modified_at) values (55, 'eunchan2', null, 'Nulla ut erat id mauris vulputate elementum. Nullam varius. Nulla facilisi.', 'Gorden', 'Nariko', '2024-03-21 03:53:53', '2024-07-05 21:43:24');
insert into article_comment (article_id, user_id, parent_comment_id, content, created_by, modified_by, created_at, modified_at) values (48, 'eunchan2', null, 'Nullam porttitor lacus at turpis. Donec posuere metus vitae ipsum. Aliquam non mauris.', 'Bert', 'Ferrell', '2024-01-21 19:01:06', '2024-06-18 00:26:59');
insert into article_comment (article_id, user_id, parent_comment_id, content, created_by, modified_by, created_at, modified_at) values (62, 'eunchan2', null, 'Integer tincidunt ante vel ipsum. Praesent blandit lacinia erat. Vestibulum sed magna at nunc commodo placerat.', 'Eziechiele', 'Georgeta', '2024-05-26 19:52:27', '2023-09-23 04:27:24');
insert into article_comment (article_id, user_id, parent_comment_id, content, created_by, modified_by, created_at, modified_at) values (80, 'eunchan', null, 'Mauris enim leo, rhoncus sed, vestibulum sit amet, cursus id, turpis. Integer aliquet, massa id lobortis convallis, tortor risus dapibus augue, vel accumsan tellus nisi eu orci. Mauris lacinia sapien quis libero.', 'Rosy', 'Gabriellia', '2023-08-08 19:16:54', '2023-12-01 20:32:27');
insert into article_comment (article_id, user_id, parent_comment_id, content, created_by, modified_by, created_at, modified_at) values (58, 'eunchan2', null, 'Praesent blandit. Nam nulla. Integer pede justo, lacinia eget, tincidunt eget, tempus vel, pede.', 'Hedy', 'Ula', '2024-03-13 07:07:33', '2024-06-02 12:29:53');
insert into article_comment (article_id, user_id, parent_comment_id, content, created_by, modified_by, created_at, modified_at) values (118, 'eunchan2', null, 'Duis bibendum, felis sed interdum venenatis, turpis enim blandit mi, in porttitor pede justo eu massa. Donec dapibus. Duis at velit eu est congue elementum.', 'Amery', 'Alana', '2024-03-31 20:05:12', '2024-06-25 05:05:36');
insert into article_comment (article_id, user_id, parent_comment_id, content, created_by, modified_by, created_at, modified_at) values (19, 'eunchan', null, 'Maecenas tristique, est et tempus semper, est quam pharetra magna, ac consequat metus sapien ut nunc. Vestibulum ante ipsum primis in faucibus orci luctus et ultrices posuere cubilia Curae; Mauris viverra diam vitae quam. Suspendisse potenti.', 'Annmaria', 'Darb', '2024-03-23 22:45:12', '2023-08-20 16:02:57');
insert into article_comment (article_id, user_id, parent_comment_id, content, created_by, modified_by, created_at, modified_at) values (115, 'eunchan2', null, 'Mauris enim leo, rhoncus sed, vestibulum sit amet, cursus id, turpis. Integer aliquet, massa id lobortis convallis, tortor risus dapibus augue, vel accumsan tellus nisi eu orci. Mauris lacinia sapien quis libero.', 'Jermayne', 'Matthiew', '2024-04-06 10:58:19', '2024-07-02 15:38:04');
insert into article_comment (article_id, user_id, parent_comment_id, content, created_by, modified_by, created_at, modified_at) values (74, 'eunchan2', null, 'Phasellus in felis. Donec semper sapien a libero. Nam dui.', 'Nelli', 'Melania', '2023-12-18 01:30:16', '2024-02-15 03:54:06');
insert into article_comment (article_id, user_id, parent_comment_id, content, created_by, modified_by, created_at, modified_at) values (65, 'eunchan', null, 'Praesent id massa id nisl venenatis lacinia. Aenean sit amet justo. Morbi ut odio.', 'Denni', 'Tommie', '2023-09-08 12:36:14', '2024-01-11 12:20:03');
insert into article_comment (article_id, user_id, parent_comment_id, content, created_by, modified_by, created_at, modified_at) values (1, 'eunchan', null, 'Duis aliquam convallis nunc. Proin at turpis a pede posuere nonummy. Integer non velit.', 'Lynea', 'Gauthier', '2023-12-19 00:02:23', '2024-08-05 00:30:40');
insert into article_comment (article_id, user_id, parent_comment_id, content, created_by, modified_by, created_at, modified_at) values (4, 'eunchan2', null, 'Sed sagittis. Nam congue, risus semper porta volutpat, quam pede lobortis ligula, sit amet eleifend pede libero quis orci. Nullam molestie nibh in lectus.', 'Jonah', 'Gram', '2024-01-28 05:54:50', '2023-10-06 23:26:48');
insert into article_comment (article_id, user_id, parent_comment_id, content, created_by, modified_by, created_at, modified_at) values (106, 'eunchan', null, 'Curabitur in libero ut massa volutpat convallis. Morbi odio odio, elementum eu, interdum eu, tincidunt in, leo. Maecenas pulvinar lobortis est.', 'Had', 'Kissee', '2023-10-16 11:51:01', '2024-07-27 01:01:27');
insert into article_comment (article_id, user_id, parent_comment_id, content, created_by, modified_by, created_at, modified_at) values (91, 'eunchan2', null, 'Maecenas tristique, est et tempus semper, est quam pharetra magna, ac consequat metus sapien ut nunc. Vestibulum ante ipsum primis in faucibus orci luctus et ultrices posuere cubilia Curae; Mauris viverra diam vitae quam. Suspendisse potenti.', 'Heloise', 'Tova', '2024-04-20 08:02:24', '2023-09-23 02:46:27');
insert into article_comment (article_id, user_id, parent_comment_id, content, created_by, modified_by, created_at, modified_at) values (70, 'eunchan', null, 'Duis bibendum, felis sed interdum venenatis, turpis enim blandit mi, in porttitor pede justo eu massa. Donec dapibus. Duis at velit eu est congue elementum.', 'Elga', 'Alyson', '2024-01-03 07:02:58', '2023-10-29 04:01:17');
insert into article_comment (article_id, user_id, parent_comment_id, content, created_by, modified_by, created_at, modified_at) values (36, 'eunchan', null, 'In sagittis dui vel nisl. Duis ac nibh. Fusce lacus purus, aliquet at, feugiat non, pretium quis, lectus.', 'Stafani', 'Frasco', '2024-04-28 18:28:36', '2024-06-23 03:32:39');
insert into article_comment (article_id, user_id, parent_comment_id, content, created_by, modified_by, created_at, modified_at) values (88, 'eunchan2', null, 'Maecenas ut massa quis augue luctus tincidunt. Nulla mollis molestie lorem. Quisque ut erat.', 'Wayland', 'Laureen', '2024-04-12 21:18:27', '2023-12-30 18:17:19');
insert into article_comment (article_id, user_id, parent_comment_id, content, created_by, modified_by, created_at, modified_at) values (96, 'eunchan2', null, 'Cras mi pede, malesuada in, imperdiet et, commodo vulputate, justo. In blandit ultrices enim. Lorem ipsum dolor sit amet, consectetuer adipiscing elit.', 'Brade', 'Corenda', '2024-05-02 22:43:33', '2023-12-23 05:56:36');
insert into article_comment (article_id, user_id, parent_comment_id, content, created_by, modified_by, created_at, modified_at) values (92, 'eunchan2', null, 'Integer ac leo. Pellentesque ultrices mattis odio. Donec vitae nisi.', 'Lennard', 'Garry', '2024-04-02 08:04:26', '2023-12-12 14:03:00');
insert into article_comment (article_id, user_id, parent_comment_id, content, created_by, modified_by, created_at, modified_at) values (91, 'eunchan2', null, 'Maecenas tristique, est et tempus semper, est quam pharetra magna, ac consequat metus sapien ut nunc. Vestibulum ante ipsum primis in faucibus orci luctus et ultrices posuere cubilia Curae; Mauris viverra diam vitae quam. Suspendisse potenti.', 'Devlin', 'Adelle', '2023-08-19 09:19:44', '2024-07-31 13:32:39');
insert into article_comment (article_id, user_id, parent_comment_id, content, created_by, modified_by, created_at, modified_at) values (121, 'eunchan', null, 'Aenean lectus. Pellentesque eget nunc. Donec quis orci eget orci vehicula condimentum.', 'Cale', 'Waverley', '2024-02-21 20:05:42', '2024-02-08 01:03:08');
insert into article_comment (article_id, user_id, parent_comment_id, content, created_by, modified_by, created_at, modified_at) values (2, 'eunchan2', null, 'Aenean fermentum. Donec ut mauris eget massa tempor convallis. Nulla neque libero, convallis eget, eleifend luctus, ultricies eu, nibh.', 'Berrie', 'Rosella', '2024-07-04 13:44:20', '2023-10-30 01:33:55');
insert into article_comment (article_id, user_id, parent_comment_id, content, created_by, modified_by, created_at, modified_at) values (37, 'eunchan2', null, 'Maecenas tristique, est et tempus semper, est quam pharetra magna, ac consequat metus sapien ut nunc. Vestibulum ante ipsum primis in faucibus orci luctus et ultrices posuere cubilia Curae; Mauris viverra diam vitae quam. Suspendisse potenti.', 'Nappie', 'De witt', '2024-03-06 00:32:22', '2023-11-13 11:31:37');
insert into article_comment (article_id, user_id, parent_comment_id, content, created_by, modified_by, created_at, modified_at) values (55, 'eunchan', null, 'Lorem ipsum dolor sit amet, consectetuer adipiscing elit. Proin risus. Praesent lectus.', 'Maurene', 'Kristan', '2024-06-24 12:39:19', '2024-02-08 04:02:59');
insert into article_comment (article_id, user_id, parent_comment_id, content, created_by, modified_by, created_at, modified_at) values (12, 'eunchan', null, 'Morbi porttitor lorem id ligula. Suspendisse ornare consequat lectus. In est risus, auctor sed, tristique in, tempus sit amet, sem.', 'Trever', 'Gunter', '2024-03-09 04:30:35', '2024-04-06 18:37:29');
insert into article_comment (article_id, user_id, parent_comment_id, content, created_by, modified_by, created_at, modified_at) values (66, 'eunchan', null, 'Vestibulum ac est lacinia nisi venenatis tristique. Fusce congue, diam id ornare imperdiet, sapien urna pretium nisl, ut volutpat sapien arcu sed augue. Aliquam erat volutpat.', 'Mindy', 'Rock', '2023-11-29 03:09:21', '2024-04-17 19:13:31');
insert into article_comment (article_id, user_id, parent_comment_id, content, created_by, modified_by, created_at, modified_at) values (78, 'eunchan', null, 'Praesent id massa id nisl venenatis lacinia. Aenean sit amet justo. Morbi ut odio.', 'Ilsa', 'Hamlin', '2024-02-23 18:06:51', '2024-06-13 02:59:06');
insert into article_comment (article_id, user_id, parent_comment_id, content, created_by, modified_by, created_at, modified_at) values (3, 'eunchan', null, 'Nullam porttitor lacus at turpis. Donec posuere metus vitae ipsum. Aliquam non mauris.', 'Darius', 'Ethelind', '2024-06-22 14:59:03', '2023-09-25 04:01:03');
insert into article_comment (article_id, user_id, parent_comment_id, content, created_by, modified_by, created_at, modified_at) values (118, 'eunchan2', null, 'Integer tincidunt ante vel ipsum. Praesent blandit lacinia erat. Vestibulum sed magna at nunc commodo placerat.', 'Nance', 'Culver', '2024-04-23 04:15:22', '2023-10-15 09:57:47');
insert into article_comment (article_id, user_id, parent_comment_id, content, created_by, modified_by, created_at, modified_at) values (25, 'eunchan2', null, 'Morbi porttitor lorem id ligula. Suspendisse ornare consequat lectus. In est risus, auctor sed, tristique in, tempus sit amet, sem.', 'Ashlan', 'Jennette', '2024-02-05 08:11:03', '2024-07-25 07:32:08');
insert into article_comment (article_id, user_id, parent_comment_id, content, created_by, modified_by, created_at, modified_at) values (13, 'eunchan', null, 'Fusce consequat. Nulla nisl. Nunc nisl.', 'Sabrina', 'Erasmus', '2024-05-26 17:11:25', '2024-05-31 15:42:41');
insert into article_comment (article_id, user_id, parent_comment_id, content, created_by, modified_by, created_at, modified_at) values (65, 'eunchan', null, 'Donec diam neque, vestibulum eget, vulputate ut, ultrices vel, augue. Vestibulum ante ipsum primis in faucibus orci luctus et ultrices posuere cubilia Curae; Donec pharetra, magna vestibulum aliquet ultrices, erat tortor sollicitudin mi, sit amet lobortis sapien sapien non mi. Integer ac neque.', 'Rosene', 'Boonie', '2023-08-20 10:52:57', '2023-09-08 10:20:07');
insert into article_comment (article_id, user_id, parent_comment_id, content, created_by, modified_by, created_at, modified_at) values (18, 'eunchan2', null, 'In sagittis dui vel nisl. Duis ac nibh. Fusce lacus purus, aliquet at, feugiat non, pretium quis, lectus.', 'Bunny', 'Brig', '2024-06-15 10:35:59', '2024-02-29 01:17:03');
insert into article_comment (article_id, user_id, parent_comment_id, content, created_by, modified_by, created_at, modified_at) values (53, 'eunchan', null, 'Mauris enim leo, rhoncus sed, vestibulum sit amet, cursus id, turpis. Integer aliquet, massa id lobortis convallis, tortor risus dapibus augue, vel accumsan tellus nisi eu orci. Mauris lacinia sapien quis libero.', 'Ursa', 'Cindie', '2023-10-10 17:40:05', '2024-04-23 06:02:17');
insert into article_comment (article_id, user_id, parent_comment_id, content, created_by, modified_by, created_at, modified_at) values (121, 'eunchan', null, 'Proin eu mi. Nulla ac enim. In tempor, turpis nec euismod scelerisque, quam turpis adipiscing lorem, vitae mattis nibh ligula nec sem.', 'Tedman', 'Latia', '2024-01-31 12:39:19', '2023-11-27 14:35:00');
insert into article_comment (article_id, user_id, parent_comment_id, content, created_by, modified_by, created_at, modified_at) values (25, 'eunchan', null, 'In hac habitasse platea dictumst. Morbi vestibulum, velit id pretium iaculis, diam erat fermentum justo, nec condimentum neque sapien placerat ante. Nulla justo.', 'Vevay', 'Cami', '2023-12-09 06:27:05', '2023-09-09 19:15:08');
insert into article_comment (article_id, user_id, parent_comment_id, content, created_by, modified_by, created_at, modified_at) values (118, 'eunchan', null, 'Mauris enim leo, rhoncus sed, vestibulum sit amet, cursus id, turpis. Integer aliquet, massa id lobortis convallis, tortor risus dapibus augue, vel accumsan tellus nisi eu orci. Mauris lacinia sapien quis libero.', 'Leontine', 'Inglis', '2023-08-14 06:45:12', '2024-02-08 04:05:13');
insert into article_comment (article_id, user_id, parent_comment_id, content, created_by, modified_by, created_at, modified_at) values (89, 'eunchan', null, 'Praesent blandit. Nam nulla. Integer pede justo, lacinia eget, tincidunt eget, tempus vel, pede.', 'Kelila', 'Dorey', '2024-08-02 22:37:31', '2023-12-26 16:04:04');
insert into article_comment (article_id, user_id, parent_comment_id, content, created_by, modified_by, created_at, modified_at) values (110, 'eunchan', null, 'Pellentesque at nulla. Suspendisse potenti. Cras in purus eu magna vulputate luctus.', 'Ruben', 'Micky', '2023-11-19 23:47:20', '2024-01-27 04:43:26');
insert into article_comment (article_id, user_id, parent_comment_id, content, created_by, modified_by, created_at, modified_at) values (75, 'eunchan', null, 'In hac habitasse platea dictumst. Etiam faucibus cursus urna. Ut tellus.', 'Valery', 'Rosabelle', '2023-09-29 21:56:59', '2024-02-22 01:41:38');
insert into article_comment (article_id, user_id, parent_comment_id, content, created_by, modified_by, created_at, modified_at) values (60, 'eunchan', null, 'Donec diam neque, vestibulum eget, vulputate ut, ultrices vel, augue. Vestibulum ante ipsum primis in faucibus orci luctus et ultrices posuere cubilia Curae; Donec pharetra, magna vestibulum aliquet ultrices, erat tortor sollicitudin mi, sit amet lobortis sapien sapien non mi. Integer ac neque.', 'Clarissa', 'Romola', '2023-12-17 06:37:57', '2023-09-15 18:53:38');
insert into article_comment (article_id, user_id, parent_comment_id, content, created_by, modified_by, created_at, modified_at) values (49, 'eunchan', null, 'In hac habitasse platea dictumst. Etiam faucibus cursus urna. Ut tellus.', 'Elane', 'Rayner', '2024-05-28 15:15:55', '2023-09-25 12:35:37');
insert into article_comment (article_id, user_id, parent_comment_id, content, created_by, modified_by, created_at, modified_at) values (62, 'eunchan', null, 'Integer tincidunt ante vel ipsum. Praesent blandit lacinia erat. Vestibulum sed magna at nunc commodo placerat.', 'Lilia', 'Lola', '2023-12-07 14:10:00', '2024-01-13 07:29:49');
insert into article_comment (article_id, user_id, parent_comment_id, content, created_by, modified_by, created_at, modified_at) values (101, 'eunchan', null, 'Nullam porttitor lacus at turpis. Donec posuere metus vitae ipsum. Aliquam non mauris.', 'Hettie', 'Sigrid', '2024-01-07 10:47:39', '2024-05-28 07:43:27');
insert into article_comment (article_id, user_id, parent_comment_id, content, created_by, modified_by, created_at, modified_at) values (41, 'eunchan', null, 'Sed sagittis. Nam congue, risus semper porta volutpat, quam pede lobortis ligula, sit amet eleifend pede libero quis orci. Nullam molestie nibh in lectus.', 'Eydie', 'Athene', '2023-12-14 17:27:44', '2023-09-14 11:50:12');
insert into article_comment (article_id, user_id, parent_comment_id, content, created_by, modified_by, created_at, modified_at) values (110, 'eunchan2', null, 'Donec diam neque, vestibulum eget, vulputate ut, ultrices vel, augue. Vestibulum ante ipsum primis in faucibus orci luctus et ultrices posuere cubilia Curae; Donec pharetra, magna vestibulum aliquet ultrices, erat tortor sollicitudin mi, sit amet lobortis sapien sapien non mi. Integer ac neque.', 'Lanie', 'Keslie', '2023-12-09 12:30:32', '2024-01-02 10:24:13');
insert into article_comment (article_id, user_id, parent_comment_id, content, created_by, modified_by, created_at, modified_at) values (45, 'eunchan', null, 'Lorem ipsum dolor sit amet, consectetuer adipiscing elit. Proin risus. Praesent lectus.', 'Saba', 'Viole', '2023-12-28 03:11:52', '2024-06-06 02:39:41');
insert into article_comment (article_id, user_id, parent_comment_id, content, created_by, modified_by, created_at, modified_at) values (20, 'eunchan', null, 'Fusce consequat. Nulla nisl. Nunc nisl.', 'Jade', 'Haily', '2023-10-04 14:09:10', '2023-11-24 02:54:42');
insert into article_comment (article_id, user_id, parent_comment_id, content, created_by, modified_by, created_at, modified_at) values (103, 'eunchan', null, 'Morbi non lectus. Aliquam sit amet diam in magna bibendum imperdiet. Nullam orci pede, venenatis non, sodales sed, tincidunt eu, felis.', 'Raychel', 'Billie', '2024-04-16 09:44:35', '2024-05-10 07:41:01');
insert into article_comment (article_id, user_id, parent_comment_id, content, created_by, modified_by, created_at, modified_at) values (103, 'eunchan2', null, 'Sed ante. Vivamus tortor. Duis mattis egestas metus.', 'Jasper', 'Townsend', '2023-08-09 05:39:10', '2023-10-28 21:04:02');
insert into article_comment (article_id, user_id, parent_comment_id, content, created_by, modified_by, created_at, modified_at) values (76, 'eunchan2', null, 'Lorem ipsum dolor sit amet, consectetuer adipiscing elit. Proin risus. Praesent lectus.', 'George', 'Solly', '2023-10-05 18:55:08', '2024-04-16 20:38:22');
insert into article_comment (article_id, user_id, parent_comment_id, content, created_by, modified_by, created_at, modified_at) values (77, 'eunchan', null, 'Fusce posuere felis sed lacus. Morbi sem mauris, laoreet ut, rhoncus aliquet, pulvinar sed, nisl. Nunc rhoncus dui vel sem.', 'Sileas', 'Magnum', '2024-02-20 13:14:54', '2024-04-02 13:51:32');
insert into article_comment (article_id, user_id, parent_comment_id, content, created_by, modified_by, created_at, modified_at) values (84, 'eunchan2', null, 'Cras mi pede, malesuada in, imperdiet et, commodo vulputate, justo. In blandit ultrices enim. Lorem ipsum dolor sit amet, consectetuer adipiscing elit.', 'Elliot', 'Leanora', '2024-07-31 14:56:58', '2024-02-16 10:56:10');
insert into article_comment (article_id, user_id, parent_comment_id, content, created_by, modified_by, created_at, modified_at) values (97, 'eunchan2', null, 'Cum sociis natoque penatibus et magnis dis parturient montes, nascetur ridiculus mus. Vivamus vestibulum sagittis sapien. Cum sociis natoque penatibus et magnis dis parturient montes, nascetur ridiculus mus.', 'Odilia', 'Jasmin', '2024-01-08 10:01:29', '2024-07-03 09:40:34');
insert into article_comment (article_id, user_id, parent_comment_id, content, created_by, modified_by, created_at, modified_at) values (66, 'eunchan2', null, 'Nam ultrices, libero non mattis pulvinar, nulla pede ullamcorper augue, a suscipit nulla elit ac nulla. Sed vel enim sit amet nunc viverra dapibus. Nulla suscipit ligula in lacus.', 'Odelia', 'Corty', '2024-04-04 19:44:20', '2024-01-30 07:11:14');
insert into article_comment (article_id, user_id, parent_comment_id, content, created_by, modified_by, created_at, modified_at) values (91, 'eunchan', null, 'Morbi porttitor lorem id ligula. Suspendisse ornare consequat lectus. In est risus, auctor sed, tristique in, tempus sit amet, sem.', 'Gabriella', 'Gris', '2023-11-20 21:45:52', '2024-07-08 01:56:27');
insert into article_comment (article_id, user_id, parent_comment_id, content, created_by, modified_by, created_at, modified_at) values (58, 'eunchan', null, 'Proin eu mi. Nulla ac enim. In tempor, turpis nec euismod scelerisque, quam turpis adipiscing lorem, vitae mattis nibh ligula nec sem.', 'Brittaney', 'Boniface', '2024-07-29 00:14:59', '2024-03-11 08:56:58');
insert into article_comment (article_id, user_id, parent_comment_id, content, created_by, modified_by, created_at, modified_at) values (29, 'eunchan2', null, 'Phasellus sit amet erat. Nulla tempus. Vivamus in felis eu sapien cursus vestibulum.', 'Karolina', 'Franciskus', '2024-07-21 19:31:05', '2023-11-04 08:50:50');
insert into article_comment (article_id, user_id, parent_comment_id, content, created_by, modified_by, created_at, modified_at) values (38, 'eunchan2', null, 'Maecenas ut massa quis augue luctus tincidunt. Nulla mollis molestie lorem. Quisque ut erat.', 'Jonie', 'Clareta', '2023-09-08 03:54:07', '2024-01-17 17:44:31');
insert into article_comment (article_id, user_id, parent_comment_id, content, created_by, modified_by, created_at, modified_at) values (86, 'eunchan', null, 'Cras non velit nec nisi vulputate nonummy. Maecenas tincidunt lacus at velit. Vivamus vel nulla eget eros elementum pellentesque.', 'Min', 'Gaston', '2023-08-21 18:03:47', '2024-01-23 20:51:27');
insert into article_comment (article_id, user_id, parent_comment_id, content, created_by, modified_by, created_at, modified_at) values (47, 'eunchan2', null, 'Morbi porttitor lorem id ligula. Suspendisse ornare consequat lectus. In est risus, auctor sed, tristique in, tempus sit amet, sem.', 'Jeana', 'Celestia', '2023-09-13 08:07:09', '2023-11-18 21:51:38');
insert into article_comment (article_id, user_id, parent_comment_id, content, created_by, modified_by, created_at, modified_at) values (100, 'eunchan2', null, 'Nulla ut erat id mauris vulputate elementum. Nullam varius. Nulla facilisi.', 'Cynthy', 'Bette', '2023-09-16 01:08:28', '2024-07-21 05:19:34');
insert into article_comment (article_id, user_id, parent_comment_id, content, created_by, modified_by, created_at, modified_at) values (53, 'eunchan', null, 'Curabitur at ipsum ac tellus semper interdum. Mauris ullamcorper purus sit amet nulla. Quisque arcu libero, rutrum ac, lobortis vel, dapibus at, diam.', 'Joelynn', 'Nicky', '2024-05-06 06:44:25', '2024-06-09 22:03:21');
insert into article_comment (article_id, user_id, parent_comment_id, content, created_by, modified_by, created_at, modified_at) values (55, 'eunchan2', null, 'In hac habitasse platea dictumst. Morbi vestibulum, velit id pretium iaculis, diam erat fermentum justo, nec condimentum neque sapien placerat ante. Nulla justo.', 'Abbot', 'Lazar', '2024-02-20 02:01:59', '2024-05-28 14:15:32');
insert into article_comment (article_id, user_id, parent_comment_id, content, created_by, modified_by, created_at, modified_at) values (70, 'eunchan', null, 'Aliquam quis turpis eget elit sodales scelerisque. Mauris sit amet eros. Suspendisse accumsan tortor quis turpis.', 'Corrinne', 'Madonna', '2024-01-07 10:26:36', '2024-01-02 05:59:41');
insert into article_comment (article_id, user_id, parent_comment_id, content, created_by, modified_by, created_at, modified_at) values (58, 'eunchan2', null, 'Curabitur in libero ut massa volutpat convallis. Morbi odio odio, elementum eu, interdum eu, tincidunt in, leo. Maecenas pulvinar lobortis est.', 'Avie', 'Coletta', '2024-06-17 21:53:26', '2023-11-11 01:54:23');
insert into article_comment (article_id, user_id, parent_comment_id, content, created_by, modified_by, created_at, modified_at) values (64, 'eunchan', null, 'Maecenas ut massa quis augue luctus tincidunt. Nulla mollis molestie lorem. Quisque ut erat.', 'Olly', 'Nancee', '2024-06-27 07:08:00', '2023-12-27 09:58:25');
insert into article_comment (article_id, user_id, parent_comment_id, content, created_by, modified_by, created_at, modified_at) values (113, 'eunchan', null, 'Duis consequat dui nec nisi volutpat eleifend. Donec ut dolor. Morbi vel lectus in quam fringilla rhoncus.', 'Bevvy', 'Suzy', '2024-07-26 20:31:35', '2023-11-03 02:42:57');
insert into article_comment (article_id, user_id, parent_comment_id, content, created_by, modified_by, created_at, modified_at) values (121, 'eunchan2', null, 'Mauris enim leo, rhoncus sed, vestibulum sit amet, cursus id, turpis. Integer aliquet, massa id lobortis convallis, tortor risus dapibus augue, vel accumsan tellus nisi eu orci. Mauris lacinia sapien quis libero.', 'Laney', 'Ellette', '2024-02-14 23:19:46', '2024-03-28 01:30:05');
insert into article_comment (article_id, user_id, parent_comment_id, content, created_by, modified_by, created_at, modified_at) values (6, 'eunchan', null, 'Cum sociis natoque penatibus et magnis dis parturient montes, nascetur ridiculus mus. Vivamus vestibulum sagittis sapien. Cum sociis natoque penatibus et magnis dis parturient montes, nascetur ridiculus mus.', 'Josephina', 'Marina', '2024-04-02 12:19:22', '2024-06-27 02:44:35');
insert into article_comment (article_id, user_id, parent_comment_id, content, created_by, modified_by, created_at, modified_at) values (120, 'eunchan2', null, 'Maecenas ut massa quis augue luctus tincidunt. Nulla mollis molestie lorem. Quisque ut erat.', 'Phip', 'Constantino', '2023-12-01 21:25:59', '2024-05-11 00:31:53');
insert into article_comment (article_id, user_id, parent_comment_id, content, created_by, modified_by, created_at, modified_at) values (122, 'eunchan2', null, 'Phasellus in felis. Donec semper sapien a libero. Nam dui.', 'Reba', 'Britta', '2024-03-31 23:43:10', '2023-10-02 05:43:13');
insert into article_comment (article_id, user_id, parent_comment_id, content, created_by, modified_by, created_at, modified_at) values (21, 'eunchan', null, 'Integer tincidunt ante vel ipsum. Praesent blandit lacinia erat. Vestibulum sed magna at nunc commodo placerat.', 'Belinda', 'Sosanna', '2024-04-26 12:29:46', '2023-10-02 18:41:56');
insert into article_comment (article_id, user_id, parent_comment_id, content, created_by, modified_by, created_at, modified_at) values (27, 'eunchan2', null, 'Curabitur gravida nisi at nibh. In hac habitasse platea dictumst. Aliquam augue quam, sollicitudin vitae, consectetuer eget, rutrum at, lorem.', 'Winny', 'Leontine', '2024-06-24 04:03:19', '2024-01-11 19:38:42');
insert into article_comment (article_id, user_id, parent_comment_id, content, created_by, modified_by, created_at, modified_at) values (98, 'eunchan2', null, 'Cras non velit nec nisi vulputate nonummy. Maecenas tincidunt lacus at velit. Vivamus vel nulla eget eros elementum pellentesque.', 'Arny', 'Berget', '2024-03-19 04:11:07', '2023-12-31 03:18:39');
insert into article_comment (article_id, user_id, parent_comment_id, content, created_by, modified_by, created_at, modified_at) values (68, 'eunchan2', null, 'Praesent id massa id nisl venenatis lacinia. Aenean sit amet justo. Morbi ut odio.', 'Kesley', 'Lesly', '2024-05-20 08:01:51', '2024-01-10 20:41:06');
insert into article_comment (article_id, user_id, parent_comment_id, content, created_by, modified_by, created_at, modified_at) values (34, 'eunchan', null, 'Mauris enim leo, rhoncus sed, vestibulum sit amet, cursus id, turpis. Integer aliquet, massa id lobortis convallis, tortor risus dapibus augue, vel accumsan tellus nisi eu orci. Mauris lacinia sapien quis libero.', 'Woodrow', 'Daryl', '2024-01-15 06:12:25', '2024-04-06 05:59:53');
insert into article_comment (article_id, user_id, parent_comment_id, content, created_by, modified_by, created_at, modified_at) values (42, 'eunchan2', null, 'Aenean lectus. Pellentesque eget nunc. Donec quis orci eget orci vehicula condimentum.', 'Ruben', 'Killie', '2024-07-10 09:31:12', '2024-03-06 04:44:00');
insert into article_comment (article_id, user_id, parent_comment_id, content, created_by, modified_by, created_at, modified_at) values (59, 'eunchan2', null, 'Fusce consequat. Nulla nisl. Nunc nisl.', 'Katha', 'Alyssa', '2024-05-04 13:52:19', '2024-02-08 17:22:11');
insert into article_comment (article_id, user_id, parent_comment_id, content, created_by, modified_by, created_at, modified_at) values (41, 'eunchan', null, 'In hac habitasse platea dictumst. Morbi vestibulum, velit id pretium iaculis, diam erat fermentum justo, nec condimentum neque sapien placerat ante. Nulla justo.', 'Averill', 'Betteann', '2024-01-21 05:27:51', '2024-03-23 23:40:30');
insert into article_comment (article_id, user_id, parent_comment_id, content, created_by, modified_by, created_at, modified_at) values (48, 'eunchan', null, 'Cras mi pede, malesuada in, imperdiet et, commodo vulputate, justo. In blandit ultrices enim. Lorem ipsum dolor sit amet, consectetuer adipiscing elit.', 'Tommy', 'Aprilette', '2024-02-26 22:03:12', '2023-12-31 14:15:30');
insert into article_comment (article_id, user_id, parent_comment_id, content, created_by, modified_by, created_at, modified_at) values (91, 'eunchan2', null, 'Maecenas tristique, est et tempus semper, est quam pharetra magna, ac consequat metus sapien ut nunc. Vestibulum ante ipsum primis in faucibus orci luctus et ultrices posuere cubilia Curae; Mauris viverra diam vitae quam. Suspendisse potenti.', 'Toby', 'Bastian', '2023-12-29 14:22:57', '2023-11-29 04:33:43');
insert into article_comment (article_id, user_id, parent_comment_id, content, created_by, modified_by, created_at, modified_at) values (102, 'eunchan2', null, 'Proin interdum mauris non ligula pellentesque ultrices. Phasellus id sapien in sapien iaculis congue. Vivamus metus arcu, adipiscing molestie, hendrerit at, vulputate vitae, nisl.', 'Julian', 'Kurtis', '2024-05-22 15:13:48', '2023-08-16 17:15:50');
insert into article_comment (article_id, user_id, parent_comment_id, content, created_by, modified_by, created_at, modified_at) values (90, 'eunchan', null, 'Lorem ipsum dolor sit amet, consectetuer adipiscing elit. Proin risus. Praesent lectus.', 'Sheelagh', 'Edin', '2023-08-08 22:23:23', '2024-03-27 16:20:20');
insert into article_comment (article_id, user_id, parent_comment_id, content, created_by, modified_by, created_at, modified_at) values (63, 'eunchan', null, 'Cum sociis natoque penatibus et magnis dis parturient montes, nascetur ridiculus mus. Vivamus vestibulum sagittis sapien. Cum sociis natoque penatibus et magnis dis parturient montes, nascetur ridiculus mus.', 'Pet', 'Bartram', '2024-02-14 23:17:01', '2024-06-03 19:18:31');
insert into article_comment (article_id, user_id, parent_comment_id, content, created_by, modified_by, created_at, modified_at) values (51, 'eunchan', null, 'Maecenas ut massa quis augue luctus tincidunt. Nulla mollis molestie lorem. Quisque ut erat.', 'Rasla', 'Vere', '2023-11-08 19:48:38', '2023-09-16 07:51:34');
insert into article_comment (article_id, user_id, parent_comment_id, content, created_by, modified_by, created_at, modified_at) values (2, 'eunchan', null, 'Nullam porttitor lacus at turpis. Donec posuere metus vitae ipsum. Aliquam non mauris.', 'Alexi', 'Loretta', '2024-04-02 22:03:05', '2024-02-16 12:20:54');
insert into article_comment (article_id, user_id, parent_comment_id, content, created_by, modified_by, created_at, modified_at) values (44, 'eunchan', null, 'Proin eu mi. Nulla ac enim. In tempor, turpis nec euismod scelerisque, quam turpis adipiscing lorem, vitae mattis nibh ligula nec sem.', 'Merissa', 'Karita', '2024-03-16 23:37:49', '2024-02-13 15:50:53');
insert into article_comment (article_id, user_id, parent_comment_id, content, created_by, modified_by, created_at, modified_at) values (36, 'eunchan2', null, 'Etiam vel augue. Vestibulum rutrum rutrum neque. Aenean auctor gravida sem.', 'Alfie', 'Devlen', '2024-07-29 18:13:41', '2024-01-10 15:23:59');
insert into article_comment (article_id, user_id, parent_comment_id, content, created_by, modified_by, created_at, modified_at) values (81, 'eunchan2', null, 'Curabitur gravida nisi at nibh. In hac habitasse platea dictumst. Aliquam augue quam, sollicitudin vitae, consectetuer eget, rutrum at, lorem.', 'Brook', 'Dedra', '2023-12-20 21:06:48', '2024-01-30 00:27:43');
insert into article_comment (article_id, user_id, parent_comment_id, content, created_by, modified_by, created_at, modified_at) values (43, 'eunchan2', null, 'In hac habitasse platea dictumst. Morbi vestibulum, velit id pretium iaculis, diam erat fermentum justo, nec condimentum neque sapien placerat ante. Nulla justo.', 'Cristi', 'Maurizia', '2024-06-03 06:01:45', '2024-01-28 06:21:10');
insert into article_comment (article_id, user_id, parent_comment_id, content, created_by, modified_by, created_at, modified_at) values (13, 'eunchan', null, 'Sed ante. Vivamus tortor. Duis mattis egestas metus.', 'Jedidiah', 'Clemens', '2023-09-23 23:42:43', '2024-08-05 22:57:46');
insert into article_comment (article_id, user_id, parent_comment_id, content, created_by, modified_by, created_at, modified_at) values (65, 'eunchan2', null, 'Vestibulum quam sapien, varius ut, blandit non, interdum in, ante. Vestibulum ante ipsum primis in faucibus orci luctus et ultrices posuere cubilia Curae; Duis faucibus accumsan odio. Curabitur convallis.', 'Harmony', 'Johnath', '2024-07-13 12:40:25', '2024-07-20 04:10:02');
insert into article_comment (article_id, user_id, parent_comment_id, content, created_by, modified_by, created_at, modified_at) values (3, 'eunchan', null, 'Etiam vel augue. Vestibulum rutrum rutrum neque. Aenean auctor gravida sem.', 'Susi', 'Maximilianus', '2024-01-24 21:10:58', '2023-08-21 05:33:04');
insert into article_comment (article_id, user_id, parent_comment_id, content, created_by, modified_by, created_at, modified_at) values (37, 'eunchan', null, 'Mauris enim leo, rhoncus sed, vestibulum sit amet, cursus id, turpis. Integer aliquet, massa id lobortis convallis, tortor risus dapibus augue, vel accumsan tellus nisi eu orci. Mauris lacinia sapien quis libero.', 'Leonore', 'Skyler', '2024-07-24 21:34:06', '2024-07-23 00:45:15');
insert into article_comment (article_id, user_id, parent_comment_id, content, created_by, modified_by, created_at, modified_at) values (104, 'eunchan', null, 'Duis bibendum, felis sed interdum venenatis, turpis enim blandit mi, in porttitor pede justo eu massa. Donec dapibus. Duis at velit eu est congue elementum.', 'Alissa', 'Magdalene', '2023-10-05 02:04:31', '2023-08-21 08:49:05');
insert into article_comment (article_id, user_id, parent_comment_id, content, created_by, modified_by, created_at, modified_at) values (58, 'eunchan', null, 'Morbi porttitor lorem id ligula. Suspendisse ornare consequat lectus. In est risus, auctor sed, tristique in, tempus sit amet, sem.', 'Carson', 'Renato', '2023-08-11 13:24:19', '2024-02-13 08:34:57');
insert into article_comment (article_id, user_id, parent_comment_id, content, created_by, modified_by, created_at, modified_at) values (75, 'eunchan', null, 'Vestibulum ac est lacinia nisi venenatis tristique. Fusce congue, diam id ornare imperdiet, sapien urna pretium nisl, ut volutpat sapien arcu sed augue. Aliquam erat volutpat.', 'Gannie', 'Maurizia', '2023-09-28 06:02:32', '2023-10-16 05:50:24');
insert into article_comment (article_id, user_id, parent_comment_id, content, created_by, modified_by, created_at, modified_at) values (28, 'eunchan', null, 'Vestibulum ac est lacinia nisi venenatis tristique. Fusce congue, diam id ornare imperdiet, sapien urna pretium nisl, ut volutpat sapien arcu sed augue. Aliquam erat volutpat.', 'Haslett', 'Bartlet', '2023-08-27 23:22:46', '2024-06-06 01:54:47');
insert into article_comment (article_id, user_id, parent_comment_id, content, created_by, modified_by, created_at, modified_at) values (73, 'eunchan2', null, 'Proin interdum mauris non ligula pellentesque ultrices. Phasellus id sapien in sapien iaculis congue. Vivamus metus arcu, adipiscing molestie, hendrerit at, vulputate vitae, nisl.', 'Finlay', 'Garth', '2023-09-29 21:18:53', '2024-05-29 11:42:47');
insert into article_comment (article_id, user_id, parent_comment_id, content, created_by, modified_by, created_at, modified_at) values (40, 'eunchan2', null, 'Duis bibendum. Morbi non quam nec dui luctus rutrum. Nulla tellus.', 'Shandy', 'Roosevelt', '2023-08-23 17:21:59', '2023-09-26 14:20:19');
insert into article_comment (article_id, user_id, parent_comment_id, content, created_by, modified_by, created_at, modified_at) values (78, 'eunchan', null, 'Sed ante. Vivamus tortor. Duis mattis egestas metus.', 'Shermy', 'Lyon', '2024-03-20 22:51:28', '2023-09-29 18:17:05');
insert into article_comment (article_id, user_id, parent_comment_id, content, created_by, modified_by, created_at, modified_at) values (68, 'eunchan2', null, 'Aliquam quis turpis eget elit sodales scelerisque. Mauris sit amet eros. Suspendisse accumsan tortor quis turpis.', 'Kirk', 'Patton', '2023-10-25 03:57:27', '2023-12-07 10:24:57');
insert into article_comment (article_id, user_id, parent_comment_id, content, created_by, modified_by, created_at, modified_at) values (9, 'eunchan2', null, 'Phasellus sit amet erat. Nulla tempus. Vivamus in felis eu sapien cursus vestibulum.', 'Karim', 'Web', '2023-11-12 06:17:31', '2023-10-21 10:07:57');
insert into article_comment (article_id, user_id, parent_comment_id, content, created_by, modified_by, created_at, modified_at) values (92, 'eunchan2', null, 'Lorem ipsum dolor sit amet, consectetuer adipiscing elit. Proin risus. Praesent lectus.', 'Mychal', 'Yurik', '2024-03-26 19:17:15', '2023-09-09 09:02:22');
insert into article_comment (article_id, user_id, parent_comment_id, content, created_by, modified_by, created_at, modified_at) values (49, 'eunchan2', null, 'Duis aliquam convallis nunc. Proin at turpis a pede posuere nonummy. Integer non velit.', 'Frayda', 'Karlik', '2023-11-10 04:20:17', '2024-05-12 14:38:17');
insert into article_comment (article_id, user_id, parent_comment_id, content, created_by, modified_by, created_at, modified_at) values (69, 'eunchan2', null, 'Sed ante. Vivamus tortor. Duis mattis egestas metus.', 'Sher', 'Miner', '2023-09-11 21:17:20', '2023-10-17 14:21:38');
insert into article_comment (article_id, user_id, parent_comment_id, content, created_by, modified_by, created_at, modified_at) values (69, 'eunchan', null, 'Nam ultrices, libero non mattis pulvinar, nulla pede ullamcorper augue, a suscipit nulla elit ac nulla. Sed vel enim sit amet nunc viverra dapibus. Nulla suscipit ligula in lacus.', 'Keri', 'Chandler', '2024-04-18 03:45:18', '2024-04-27 12:25:11');
insert into article_comment (article_id, user_id, parent_comment_id, content, created_by, modified_by, created_at, modified_at) values (64, 'eunchan', null, 'Curabitur gravida nisi at nibh. In hac habitasse platea dictumst. Aliquam augue quam, sollicitudin vitae, consectetuer eget, rutrum at, lorem.', 'Shaylyn', 'Rosabelle', '2024-07-16 10:20:38', '2024-02-17 01:30:05');
insert into article_comment (article_id, user_id, parent_comment_id, content, created_by, modified_by, created_at, modified_at) values (18, 'eunchan', null, 'Proin eu mi. Nulla ac enim. In tempor, turpis nec euismod scelerisque, quam turpis adipiscing lorem, vitae mattis nibh ligula nec sem.', 'Rodrick', 'Kalle', '2024-03-24 00:24:45', '2023-12-05 01:20:53');
insert into article_comment (article_id, user_id, parent_comment_id, content, created_by, modified_by, created_at, modified_at) values (24, 'eunchan2', null, 'Proin eu mi. Nulla ac enim. In tempor, turpis nec euismod scelerisque, quam turpis adipiscing lorem, vitae mattis nibh ligula nec sem.', 'Duffy', 'Reuven', '2024-01-01 05:36:43', '2024-05-19 14:43:13');
insert into article_comment (article_id, user_id, parent_comment_id, content, created_by, modified_by, created_at, modified_at) values (90, 'eunchan2', null, 'Duis bibendum. Morbi non quam nec dui luctus rutrum. Nulla tellus.', 'Dean', 'Valina', '2023-11-25 11:50:37', '2023-12-18 19:12:07');
insert into article_comment (article_id, user_id, parent_comment_id, content, created_by, modified_by, created_at, modified_at) values (56, 'eunchan2', null, 'Quisque id justo sit amet sapien dignissim vestibulum. Vestibulum ante ipsum primis in faucibus orci luctus et ultrices posuere cubilia Curae; Nulla dapibus dolor vel est. Donec odio justo, sollicitudin ut, suscipit a, feugiat et, eros.', 'De witt', 'Amity', '2024-05-28 10:27:21', '2023-09-28 06:16:13');
insert into article_comment (article_id, user_id, parent_comment_id, content, created_by, modified_by, created_at, modified_at) values (76, 'eunchan2', null, 'Donec diam neque, vestibulum eget, vulputate ut, ultrices vel, augue. Vestibulum ante ipsum primis in faucibus orci luctus et ultrices posuere cubilia Curae; Donec pharetra, magna vestibulum aliquet ultrices, erat tortor sollicitudin mi, sit amet lobortis sapien sapien non mi. Integer ac neque.', 'Tan', 'Loraine', '2023-08-10 03:06:48', '2023-11-25 17:22:14');
insert into article_comment (article_id, user_id, parent_comment_id, content, created_by, modified_by, created_at, modified_at) values (1, 'eunchan2', null, 'Integer ac leo. Pellentesque ultrices mattis odio. Donec vitae nisi.', 'Roldan', 'Wenda', '2024-08-04 05:40:42', '2024-02-22 17:01:03');
insert into article_comment (article_id, user_id, parent_comment_id, content, created_by, modified_by, created_at, modified_at) values (85, 'eunchan', null, 'Morbi porttitor lorem id ligula. Suspendisse ornare consequat lectus. In est risus, auctor sed, tristique in, tempus sit amet, sem.', 'Tammara', 'Parke', '2023-08-08 04:52:16', '2024-01-12 04:55:39');
insert into article_comment (article_id, user_id, parent_comment_id, content, created_by, modified_by, created_at, modified_at) values (58, 'eunchan2', null, 'Sed ante. Vivamus tortor. Duis mattis egestas metus.', 'Howard', 'Janifer', '2024-04-20 13:20:11', '2023-11-19 02:22:30');
insert into article_comment (article_id, user_id, parent_comment_id, content, created_by, modified_by, created_at, modified_at) values (2, 'eunchan2', null, 'Aliquam quis turpis eget elit sodales scelerisque. Mauris sit amet eros. Suspendisse accumsan tortor quis turpis.', 'Ruprecht', 'Reggy', '2023-12-04 23:24:22', '2024-01-09 17:11:36');
insert into article_comment (article_id, user_id, parent_comment_id, content, created_by, modified_by, created_at, modified_at) values (3, 'eunchan2', null, 'Vestibulum ac est lacinia nisi venenatis tristique. Fusce congue, diam id ornare imperdiet, sapien urna pretium nisl, ut volutpat sapien arcu sed augue. Aliquam erat volutpat.', 'Micki', 'Sissy', '2024-04-16 20:45:58', '2024-03-21 11:49:11');
insert into article_comment (article_id, user_id, parent_comment_id, content, created_by, modified_by, created_at, modified_at) values (43, 'eunchan', null, 'Maecenas ut massa quis augue luctus tincidunt. Nulla mollis molestie lorem. Quisque ut erat.', 'Kristyn', 'Kaine', '2024-01-27 23:17:10', '2024-02-12 01:35:21');
insert into article_comment (article_id, user_id, parent_comment_id, content, created_by, modified_by, created_at, modified_at) values (65, 'eunchan', null, 'Morbi porttitor lorem id ligula. Suspendisse ornare consequat lectus. In est risus, auctor sed, tristique in, tempus sit amet, sem.', 'Willa', 'Cecile', '2023-11-19 13:58:25', '2024-06-10 20:58:49');
insert into article_comment (article_id, user_id, parent_comment_id, content, created_by, modified_by, created_at, modified_at) values (114, 'eunchan', null, 'Aenean lectus. Pellentesque eget nunc. Donec quis orci eget orci vehicula condimentum.', 'Sidonia', 'Ursa', '2024-05-27 03:12:26', '2023-12-18 11:24:15');
insert into article_comment (article_id, user_id, parent_comment_id, content, created_by, modified_by, created_at, modified_at) values (63, 'eunchan', null, 'Aenean lectus. Pellentesque eget nunc. Donec quis orci eget orci vehicula condimentum.', 'Philomena', 'Ursuline', '2023-10-10 12:00:20', '2024-03-08 08:52:57');
insert into article_comment (article_id, user_id, parent_comment_id, content, created_by, modified_by, created_at, modified_at) values (89, 'eunchan2', null, 'Phasellus sit amet erat. Nulla tempus. Vivamus in felis eu sapien cursus vestibulum.', 'Dael', 'Aguste', '2024-01-20 08:43:51', '2024-07-21 13:33:31');
insert into article_comment (article_id, user_id, parent_comment_id, content, created_by, modified_by, created_at, modified_at) values (121, 'eunchan', null, 'Phasellus in felis. Donec semper sapien a libero. Nam dui.', 'Leland', 'Ana', '2024-06-30 16:38:07', '2024-03-24 10:52:32');
insert into article_comment (article_id, user_id, parent_comment_id, content, created_by, modified_by, created_at, modified_at) values (66, 'eunchan2', null, 'Integer tincidunt ante vel ipsum. Praesent blandit lacinia erat. Vestibulum sed magna at nunc commodo placerat.', 'Biddy', 'Lamont', '2023-09-04 23:43:51', '2024-04-02 13:19:49');
insert into article_comment (article_id, user_id, parent_comment_id, content, created_by, modified_by, created_at, modified_at) values (22, 'eunchan', null, 'Vestibulum quam sapien, varius ut, blandit non, interdum in, ante. Vestibulum ante ipsum primis in faucibus orci luctus et ultrices posuere cubilia Curae; Duis faucibus accumsan odio. Curabitur convallis.', 'Mallory', 'Vin', '2023-10-11 22:45:49', '2023-11-15 08:34:08');
insert into article_comment (article_id, user_id, parent_comment_id, content, created_by, modified_by, created_at, modified_at) values (2, 'eunchan', null, 'Vestibulum quam sapien, varius ut, blandit non, interdum in, ante. Vestibulum ante ipsum primis in faucibus orci luctus et ultrices posuere cubilia Curae; Duis faucibus accumsan odio. Curabitur convallis.', 'Karoly', 'Carmine', '2024-07-11 12:40:07', '2023-09-19 12:42:13');
insert into article_comment (article_id, user_id, parent_comment_id, content, created_by, modified_by, created_at, modified_at) values (35, 'eunchan', null, 'Maecenas leo odio, condimentum id, luctus nec, molestie sed, justo. Pellentesque viverra pede ac diam. Cras pellentesque volutpat dui.', 'Phylys', 'Tildie', '2024-07-22 05:55:34', '2023-08-17 16:19:06');
insert into article_comment (article_id, user_id, parent_comment_id, content, created_by, modified_by, created_at, modified_at) values (116, 'eunchan', null, 'Sed sagittis. Nam congue, risus semper porta volutpat, quam pede lobortis ligula, sit amet eleifend pede libero quis orci. Nullam molestie nibh in lectus.', 'Boycey', 'Allis', '2023-10-28 21:26:07', '2024-02-24 08:22:19');
insert into article_comment (article_id, user_id, parent_comment_id, content, created_by, modified_by, created_at, modified_at) values (31, 'eunchan2', null, 'Pellentesque at nulla. Suspendisse potenti. Cras in purus eu magna vulputate luctus.', 'Conchita', 'Marni', '2024-05-15 22:14:29', '2024-05-13 10:59:16');
insert into article_comment (article_id, user_id, parent_comment_id, content, created_by, modified_by, created_at, modified_at) values (51, 'eunchan2', null, 'Proin interdum mauris non ligula pellentesque ultrices. Phasellus id sapien in sapien iaculis congue. Vivamus metus arcu, adipiscing molestie, hendrerit at, vulputate vitae, nisl.', 'Dame', 'Aldon', '2024-05-09 13:57:22', '2023-08-24 22:11:10');
insert into article_comment (article_id, user_id, parent_comment_id, content, created_by, modified_by, created_at, modified_at) values (120, 'eunchan2', null, 'In hac habitasse platea dictumst. Etiam faucibus cursus urna. Ut tellus.', 'Alfredo', 'Tess', '2024-05-23 01:26:59', '2024-07-15 11:04:32');
insert into article_comment (article_id, user_id, parent_comment_id, content, created_by, modified_by, created_at, modified_at) values (54, 'eunchan2', null, 'Duis bibendum. Morbi non quam nec dui luctus rutrum. Nulla tellus.', 'Letitia', 'Loralyn', '2024-01-09 16:15:23', '2024-02-05 01:22:22');
insert into article_comment (article_id, user_id, parent_comment_id, content, created_by, modified_by, created_at, modified_at) values (54, 'eunchan2', null, 'Curabitur at ipsum ac tellus semper interdum. Mauris ullamcorper purus sit amet nulla. Quisque arcu libero, rutrum ac, lobortis vel, dapibus at, diam.', 'Melvin', 'Estele', '2024-01-17 12:41:16', '2023-11-17 13:04:57');
insert into article_comment (article_id, user_id, parent_comment_id, content, created_by, modified_by, created_at, modified_at) values (8, 'eunchan2', null, 'Aenean fermentum. Donec ut mauris eget massa tempor convallis. Nulla neque libero, convallis eget, eleifend luctus, ultricies eu, nibh.', 'Wenonah', 'Else', '2024-03-09 13:41:17', '2023-10-04 04:22:29');
insert into article_comment (article_id, user_id, parent_comment_id, content, created_by, modified_by, created_at, modified_at) values (99, 'eunchan2', null, 'Mauris enim leo, rhoncus sed, vestibulum sit amet, cursus id, turpis. Integer aliquet, massa id lobortis convallis, tortor risus dapibus augue, vel accumsan tellus nisi eu orci. Mauris lacinia sapien quis libero.', 'Kali', 'Lanny', '2023-09-04 12:53:53', '2023-09-12 08:32:34');
insert into article_comment (article_id, user_id, parent_comment_id, content, created_by, modified_by, created_at, modified_at) values (91, 'eunchan', null, 'Aenean fermentum. Donec ut mauris eget massa tempor convallis. Nulla neque libero, convallis eget, eleifend luctus, ultricies eu, nibh.', 'Tallia', 'Laurianne', '2023-08-24 13:05:30', '2024-07-31 00:59:45');
insert into article_comment (article_id, user_id, parent_comment_id, content, created_by, modified_by, created_at, modified_at) values (116, 'eunchan2', null, 'Praesent id massa id nisl venenatis lacinia. Aenean sit amet justo. Morbi ut odio.', 'Baily', 'Cybill', '2024-08-01 17:00:01', '2024-01-17 21:29:56');
insert into article_comment (article_id, user_id, parent_comment_id, content, created_by, modified_by, created_at, modified_at) values (85, 'eunchan', null, 'In sagittis dui vel nisl. Duis ac nibh. Fusce lacus purus, aliquet at, feugiat non, pretium quis, lectus.', 'Maddie', 'Thomasine', '2024-06-21 17:30:58', '2024-01-20 23:44:39');
insert into article_comment (article_id, user_id, parent_comment_id, content, created_by, modified_by, created_at, modified_at) values (107, 'eunchan2', null, 'Pellentesque at nulla. Suspendisse potenti. Cras in purus eu magna vulputate luctus.', 'Ignazio', 'Wakefield', '2024-04-06 22:10:13', '2023-10-19 20:11:14');
insert into article_comment (article_id, user_id, parent_comment_id, content, created_by, modified_by, created_at, modified_at) values (77, 'eunchan2', null, 'In quis justo. Maecenas rhoncus aliquam lacus. Morbi quis tortor id nulla ultrices aliquet.', 'Hans', 'Bev', '2024-01-08 04:52:42', '2024-06-18 11:48:12');
insert into article_comment (article_id, user_id, parent_comment_id, content, created_by, modified_by, created_at, modified_at) values (107, 'eunchan2', null, 'Mauris enim leo, rhoncus sed, vestibulum sit amet, cursus id, turpis. Integer aliquet, massa id lobortis convallis, tortor risus dapibus augue, vel accumsan tellus nisi eu orci. Mauris lacinia sapien quis libero.', 'Gretel', 'Vail', '2024-06-02 05:57:06', '2023-08-26 15:54:03');
insert into article_comment (article_id, user_id, parent_comment_id, content, created_by, modified_by, created_at, modified_at) values (54, 'eunchan2', null, 'Duis bibendum. Morbi non quam nec dui luctus rutrum. Nulla tellus.', 'Kirk', 'Nathanil', '2023-11-22 12:29:51', '2024-07-28 08:29:48');
insert into article_comment (article_id, user_id, parent_comment_id, content, created_by, modified_by, created_at, modified_at) values (88, 'eunchan', null, 'Maecenas tristique, est et tempus semper, est quam pharetra magna, ac consequat metus sapien ut nunc. Vestibulum ante ipsum primis in faucibus orci luctus et ultrices posuere cubilia Curae; Mauris viverra diam vitae quam. Suspendisse potenti.', 'Denyse', 'Gilberte', '2024-02-12 09:44:00', '2024-01-07 13:29:06');
insert into article_comment (article_id, user_id, parent_comment_id, content, created_by, modified_by, created_at, modified_at) values (23, 'eunchan2', null, 'Integer tincidunt ante vel ipsum. Praesent blandit lacinia erat. Vestibulum sed magna at nunc commodo placerat.', 'Annalee', 'Brandon', '2024-06-07 23:59:42', '2024-04-05 16:55:04');
insert into article_comment (article_id, user_id, parent_comment_id, content, created_by, modified_by, created_at, modified_at) values (40, 'eunchan', null, 'Sed ante. Vivamus tortor. Duis mattis egestas metus.', 'Merissa', 'Emmalyn', '2024-02-18 13:12:01', '2023-12-27 23:04:12');
insert into article_comment (article_id, user_id, parent_comment_id, content, created_by, modified_by, created_at, modified_at) values (52, 'eunchan2', null, 'Integer tincidunt ante vel ipsum. Praesent blandit lacinia erat. Vestibulum sed magna at nunc commodo placerat.', 'Adolphus', 'Ab', '2023-10-17 19:28:40', '2023-11-14 20:00:03');
insert into article_comment (article_id, user_id, parent_comment_id, content, created_by, modified_by, created_at, modified_at) values (65, 'eunchan', null, 'Quisque id justo sit amet sapien dignissim vestibulum. Vestibulum ante ipsum primis in faucibus orci luctus et ultrices posuere cubilia Curae; Nulla dapibus dolor vel est. Donec odio justo, sollicitudin ut, suscipit a, feugiat et, eros.', 'Lucita', 'Nicol', '2023-11-02 20:09:52', '2024-06-15 02:27:06');
insert into article_comment (article_id, user_id, parent_comment_id, content, created_by, modified_by, created_at, modified_at) values (32, 'eunchan', null, 'Donec diam neque, vestibulum eget, vulputate ut, ultrices vel, augue. Vestibulum ante ipsum primis in faucibus orci luctus et ultrices posuere cubilia Curae; Donec pharetra, magna vestibulum aliquet ultrices, erat tortor sollicitudin mi, sit amet lobortis sapien sapien non mi. Integer ac neque.', 'Wye', 'Jaquelin', '2024-06-22 15:58:04', '2024-07-04 20:52:03');
insert into article_comment (article_id, user_id, parent_comment_id, content, created_by, modified_by, created_at, modified_at) values (92, 'eunchan2', null, 'Cum sociis natoque penatibus et magnis dis parturient montes, nascetur ridiculus mus. Vivamus vestibulum sagittis sapien. Cum sociis natoque penatibus et magnis dis parturient montes, nascetur ridiculus mus.', 'Nickola', 'Scott', '2024-03-14 23:50:44', '2024-07-21 21:06:46');
insert into article_comment (article_id, user_id, parent_comment_id, content, created_by, modified_by, created_at, modified_at) values (74, 'eunchan2', null, 'Mauris enim leo, rhoncus sed, vestibulum sit amet, cursus id, turpis. Integer aliquet, massa id lobortis convallis, tortor risus dapibus augue, vel accumsan tellus nisi eu orci. Mauris lacinia sapien quis libero.', 'Zorina', 'Rem', '2023-12-29 12:31:32', '2024-04-28 06:08:29');
insert into article_comment (article_id, user_id, parent_comment_id, content, created_by, modified_by, created_at, modified_at) values (49, 'eunchan2', null, 'Duis aliquam convallis nunc. Proin at turpis a pede posuere nonummy. Integer non velit.', 'Dewie', 'Marigold', '2024-07-08 20:53:11', '2024-06-02 08:27:29');
insert into article_comment (article_id, user_id, parent_comment_id, content, created_by, modified_by, created_at, modified_at) values (79, 'eunchan', null, 'Sed ante. Vivamus tortor. Duis mattis egestas metus.', 'Ody', 'Frans', '2023-08-08 09:10:43', '2023-12-18 18:41:24');
insert into article_comment (article_id, user_id, parent_comment_id, content, created_by, modified_by, created_at, modified_at) values (61, 'eunchan2', null, 'Cum sociis natoque penatibus et magnis dis parturient montes, nascetur ridiculus mus. Vivamus vestibulum sagittis sapien. Cum sociis natoque penatibus et magnis dis parturient montes, nascetur ridiculus mus.', 'Abigale', 'Demott', '2024-01-23 23:52:44', '2023-08-28 06:33:25');
insert into article_comment (article_id, user_id, parent_comment_id, content, created_by, modified_by, created_at, modified_at) values (3, 'eunchan', null, 'Sed ante. Vivamus tortor. Duis mattis egestas metus.', 'Korney', 'Jeff', '2023-08-25 23:02:49', '2023-11-21 19:19:13');
insert into article_comment (article_id, user_id, parent_comment_id, content, created_by, modified_by, created_at, modified_at) values (13, 'eunchan', null, 'In hac habitasse platea dictumst. Etiam faucibus cursus urna. Ut tellus.', 'Keeley', 'Amber', '2023-11-11 22:14:42', '2024-06-16 18:59:54');
insert into article_comment (article_id, user_id, parent_comment_id, content, created_by, modified_by, created_at, modified_at) values (85, 'eunchan2', null, 'Sed ante. Vivamus tortor. Duis mattis egestas metus.', 'Cass', 'Egor', '2023-12-16 05:42:47', '2023-09-11 17:16:05');
insert into article_comment (article_id, user_id, parent_comment_id, content, created_by, modified_by, created_at, modified_at) values (9, 'eunchan2', null, 'Praesent blandit. Nam nulla. Integer pede justo, lacinia eget, tincidunt eget, tempus vel, pede.', 'Brier', 'Diane-marie', '2023-12-20 20:35:00', '2023-12-30 09:39:46');
insert into article_comment (article_id, user_id, parent_comment_id, content, created_by, modified_by, created_at, modified_at) values (69, 'eunchan', null, 'Duis consequat dui nec nisi volutpat eleifend. Donec ut dolor. Morbi vel lectus in quam fringilla rhoncus.', 'Bernice', 'Vale', '2024-05-03 11:44:14', '2023-09-17 21:14:45');
insert into article_comment (article_id, user_id, parent_comment_id, content, created_by, modified_by, created_at, modified_at) values (53, 'eunchan2', null, 'Maecenas leo odio, condimentum id, luctus nec, molestie sed, justo. Pellentesque viverra pede ac diam. Cras pellentesque volutpat dui.', 'Debora', 'Dari', '2024-01-30 14:10:25', '2024-02-26 09:42:59');
insert into article_comment (article_id, user_id, parent_comment_id, content, created_by, modified_by, created_at, modified_at) values (36, 'eunchan2', null, 'Integer ac leo. Pellentesque ultrices mattis odio. Donec vitae nisi.', 'Benni', 'Ron', '2024-08-05 17:33:15', '2024-02-09 01:00:10');
insert into article_comment (article_id, user_id, parent_comment_id, content, created_by, modified_by, created_at, modified_at) values (118, 'eunchan', null, 'Aenean fermentum. Donec ut mauris eget massa tempor convallis. Nulla neque libero, convallis eget, eleifend luctus, ultricies eu, nibh.', 'Fax', 'Emory', '2024-01-12 04:18:26', '2024-07-10 22:19:32');
insert into article_comment (article_id, user_id, parent_comment_id, content, created_by, modified_by, created_at, modified_at) values (77, 'eunchan2', null, 'Pellentesque at nulla. Suspendisse potenti. Cras in purus eu magna vulputate luctus.', 'Zuzana', 'Zelig', '2023-09-22 08:03:42', '2024-06-01 07:50:48');
insert into article_comment (article_id, user_id, parent_comment_id, content, created_by, modified_by, created_at, modified_at) values (66, 'eunchan2', null, 'Nulla ut erat id mauris vulputate elementum. Nullam varius. Nulla facilisi.', 'Willa', 'Taryn', '2024-05-09 10:53:43', '2023-09-10 18:25:28');
insert into article_comment (article_id, user_id, parent_comment_id, content, created_by, modified_by, created_at, modified_at) values (12, 'eunchan2', null, 'Proin interdum mauris non ligula pellentesque ultrices. Phasellus id sapien in sapien iaculis congue. Vivamus metus arcu, adipiscing molestie, hendrerit at, vulputate vitae, nisl.', 'Gayle', 'Tailor', '2023-09-13 01:00:48', '2023-11-28 12:10:53');
insert into article_comment (article_id, user_id, parent_comment_id, content, created_by, modified_by, created_at, modified_at) values (3, 'eunchan', null, 'Praesent id massa id nisl venenatis lacinia. Aenean sit amet justo. Morbi ut odio.', 'Terri', 'Mitchell', '2024-04-05 18:17:35', '2024-01-16 16:32:17');
insert into article_comment (article_id, user_id, parent_comment_id, content, created_by, modified_by, created_at, modified_at) values (18, 'eunchan2', null, 'Nam ultrices, libero non mattis pulvinar, nulla pede ullamcorper augue, a suscipit nulla elit ac nulla. Sed vel enim sit amet nunc viverra dapibus. Nulla suscipit ligula in lacus.', 'Adriane', 'Gary', '2023-09-08 14:41:10', '2024-07-10 03:37:36');
insert into article_comment (article_id, user_id, parent_comment_id, content, created_by, modified_by, created_at, modified_at) values (103, 'eunchan2', null, 'Praesent blandit. Nam nulla. Integer pede justo, lacinia eget, tincidunt eget, tempus vel, pede.', 'Randee', 'Ange', '2024-04-18 03:51:52', '2024-02-20 04:07:34');
insert into article_comment (article_id, user_id, parent_comment_id, content, created_by, modified_by, created_at, modified_at) values (42, 'eunchan2', null, 'Phasellus in felis. Donec semper sapien a libero. Nam dui.', 'Brynne', 'Harriett', '2024-02-02 07:02:30', '2024-04-06 01:32:04');
insert into article_comment (article_id, user_id, parent_comment_id, content, created_by, modified_by, created_at, modified_at) values (12, 'eunchan2', null, 'Cras mi pede, malesuada in, imperdiet et, commodo vulputate, justo. In blandit ultrices enim. Lorem ipsum dolor sit amet, consectetuer adipiscing elit.', 'Laurens', 'Gilberto', '2023-08-19 11:29:27', '2024-05-13 17:31:59');
insert into article_comment (article_id, user_id, parent_comment_id, content, created_by, modified_by, created_at, modified_at) values (19, 'eunchan2', null, 'Aenean lectus. Pellentesque eget nunc. Donec quis orci eget orci vehicula condimentum.', 'Theressa', 'Katusha', '2023-08-10 09:51:59', '2024-03-03 07:55:59');
insert into article_comment (article_id, user_id, parent_comment_id, content, created_by, modified_by, created_at, modified_at) values (108, 'eunchan', null, 'Morbi non lectus. Aliquam sit amet diam in magna bibendum imperdiet. Nullam orci pede, venenatis non, sodales sed, tincidunt eu, felis.', 'Sollie', 'Gale', '2024-07-11 23:01:50', '2023-10-04 07:15:53');
insert into article_comment (article_id, user_id, parent_comment_id, content, created_by, modified_by, created_at, modified_at) values (83, 'eunchan', null, 'In quis justo. Maecenas rhoncus aliquam lacus. Morbi quis tortor id nulla ultrices aliquet.', 'Terence', 'Chrissy', '2023-10-11 23:49:48', '2024-01-31 13:30:28');
insert into article_comment (article_id, user_id, parent_comment_id, content, created_by, modified_by, created_at, modified_at) values (33, 'eunchan2', null, 'Sed sagittis. Nam congue, risus semper porta volutpat, quam pede lobortis ligula, sit amet eleifend pede libero quis orci. Nullam molestie nibh in lectus.', 'Lavena', 'Cassandre', '2024-06-15 23:36:59', '2024-07-02 15:38:43');
insert into article_comment (article_id, user_id, parent_comment_id, content, created_by, modified_by, created_at, modified_at) values (62, 'eunchan', null, 'Maecenas ut massa quis augue luctus tincidunt. Nulla mollis molestie lorem. Quisque ut erat.', 'Quillan', 'Bert', '2024-06-12 13:35:01', '2024-01-09 12:08:01');
insert into article_comment (article_id, user_id, parent_comment_id, content, created_by, modified_by, created_at, modified_at) values (93, 'eunchan', null, 'Duis bibendum, felis sed interdum venenatis, turpis enim blandit mi, in porttitor pede justo eu massa. Donec dapibus. Duis at velit eu est congue elementum.', 'Ashla', 'Gram', '2023-11-15 21:42:50', '2023-12-23 14:49:39');
insert into article_comment (article_id, user_id, parent_comment_id, content, created_by, modified_by, created_at, modified_at) values (30, 'eunchan', null, 'Proin interdum mauris non ligula pellentesque ultrices. Phasellus id sapien in sapien iaculis congue. Vivamus metus arcu, adipiscing molestie, hendrerit at, vulputate vitae, nisl.', 'Minne', 'Mallory', '2024-04-22 07:53:37', '2023-11-01 17:48:55');
insert into article_comment (article_id, user_id, parent_comment_id, content, created_by, modified_by, created_at, modified_at) values (97, 'eunchan2', null, 'Quisque id justo sit amet sapien dignissim vestibulum. Vestibulum ante ipsum primis in faucibus orci luctus et ultrices posuere cubilia Curae; Nulla dapibus dolor vel est. Donec odio justo, sollicitudin ut, suscipit a, feugiat et, eros.', 'Ralina', 'Linc', '2024-02-24 11:43:28', '2023-12-08 17:02:19');
insert into article_comment (article_id, user_id, parent_comment_id, content, created_by, modified_by, created_at, modified_at) values (104, 'eunchan', null, 'Duis consequat dui nec nisi volutpat eleifend. Donec ut dolor. Morbi vel lectus in quam fringilla rhoncus.', 'Gunner', 'Sande', '2024-05-08 06:19:50', '2024-05-09 11:45:45');
insert into article_comment (article_id, user_id, parent_comment_id, content, created_by, modified_by, created_at, modified_at) values (64, 'eunchan2', null, 'Fusce posuere felis sed lacus. Morbi sem mauris, laoreet ut, rhoncus aliquet, pulvinar sed, nisl. Nunc rhoncus dui vel sem.', 'Jamill', 'Nonie', '2024-01-08 07:57:17', '2024-07-06 14:24:21');
insert into article_comment (article_id, user_id, parent_comment_id, content, created_by, modified_by, created_at, modified_at) values (29, 'eunchan', null, 'Vestibulum ac est lacinia nisi venenatis tristique. Fusce congue, diam id ornare imperdiet, sapien urna pretium nisl, ut volutpat sapien arcu sed augue. Aliquam erat volutpat.', 'Guillemette', 'Lissa', '2023-09-04 17:23:17', '2023-11-03 15:52:37');
insert into article_comment (article_id, user_id, parent_comment_id, content, created_by, modified_by, created_at, modified_at) values (17, 'eunchan2', null, 'In sagittis dui vel nisl. Duis ac nibh. Fusce lacus purus, aliquet at, feugiat non, pretium quis, lectus.', 'Tootsie', 'Quint', '2024-08-03 17:17:51', '2023-08-07 23:54:09');
insert into article_comment (article_id, user_id, parent_comment_id, content, created_by, modified_by, created_at, modified_at) values (6, 'eunchan2', null, 'Nulla ut erat id mauris vulputate elementum. Nullam varius. Nulla facilisi.', 'Kelcie', 'Prudi', '2023-12-13 15:16:13', '2024-05-23 02:03:24');
insert into article_comment (article_id, user_id, parent_comment_id, content, created_by, modified_by, created_at, modified_at) values (38, 'eunchan2', null, 'Proin eu mi. Nulla ac enim. In tempor, turpis nec euismod scelerisque, quam turpis adipiscing lorem, vitae mattis nibh ligula nec sem.', 'Renell', 'Sharyl', '2024-02-23 11:42:44', '2024-08-02 01:21:39');
insert into article_comment (article_id, user_id, parent_comment_id, content, created_by, modified_by, created_at, modified_at) values (97, 'eunchan2', null, 'Maecenas ut massa quis augue luctus tincidunt. Nulla mollis molestie lorem. Quisque ut erat.', 'Grace', 'Marcelle', '2024-06-10 10:35:51', '2024-03-06 08:57:34');
insert into article_comment (article_id, user_id, parent_comment_id, content, created_by, modified_by, created_at, modified_at) values (66, 'eunchan2', null, 'Vestibulum ac est lacinia nisi venenatis tristique. Fusce congue, diam id ornare imperdiet, sapien urna pretium nisl, ut volutpat sapien arcu sed augue. Aliquam erat volutpat.', 'Tabby', 'Rowney', '2024-01-06 09:28:49', '2023-09-27 06:26:56');
insert into article_comment (article_id, user_id, parent_comment_id, content, created_by, modified_by, created_at, modified_at) values (106, 'eunchan2', null, 'Suspendisse potenti. In eleifend quam a odio. In hac habitasse platea dictumst.', 'Laurice', 'Elka', '2023-09-19 19:42:14', '2023-11-10 15:46:44');
insert into article_comment (article_id, user_id, parent_comment_id, content, created_by, modified_by, created_at, modified_at) values (111, 'eunchan2', null, 'Quisque porta volutpat erat. Quisque erat eros, viverra eget, congue eget, semper rutrum, nulla. Nunc purus.', 'Timmi', 'Ham', '2024-05-02 14:13:40', '2023-12-27 07:16:53');
insert into article_comment (article_id, user_id, parent_comment_id, content, created_by, modified_by, created_at, modified_at) values (89, 'eunchan', null, 'In sagittis dui vel nisl. Duis ac nibh. Fusce lacus purus, aliquet at, feugiat non, pretium quis, lectus.', 'Elyse', 'Alaster', '2024-05-23 09:51:34', '2024-07-21 18:00:18');
insert into article_comment (article_id, user_id, parent_comment_id, content, created_by, modified_by, created_at, modified_at) values (74, 'eunchan2', null, 'Fusce posuere felis sed lacus. Morbi sem mauris, laoreet ut, rhoncus aliquet, pulvinar sed, nisl. Nunc rhoncus dui vel sem.', 'Zacherie', 'Kimmi', '2024-07-20 10:50:12', '2024-07-19 22:03:47');
insert into article_comment (article_id, user_id, parent_comment_id, content, created_by, modified_by, created_at, modified_at) values (57, 'eunchan2', null, 'Fusce consequat. Nulla nisl. Nunc nisl.', 'Dalli', 'Marcile', '2024-01-20 06:08:22', '2024-05-17 16:48:39');
insert into article_comment (article_id, user_id, parent_comment_id, content, created_by, modified_by, created_at, modified_at) values (64, 'eunchan2', null, 'Vestibulum ac est lacinia nisi venenatis tristique. Fusce congue, diam id ornare imperdiet, sapien urna pretium nisl, ut volutpat sapien arcu sed augue. Aliquam erat volutpat.', 'Glory', 'Brunhilde', '2024-06-10 06:04:12', '2024-02-09 17:58:36');
insert into article_comment (article_id, user_id, parent_comment_id, content, created_by, modified_by, created_at, modified_at) values (18, 'eunchan2', null, 'Proin leo odio, porttitor id, consequat in, consequat ut, nulla. Sed accumsan felis. Ut at dolor quis odio consequat varius.', 'Alaine', 'Kanya', '2024-05-10 17:11:35', '2023-12-03 03:53:37');
insert into article_comment (article_id, user_id, parent_comment_id, content, created_by, modified_by, created_at, modified_at) values (24, 'eunchan', null, 'Duis aliquam convallis nunc. Proin at turpis a pede posuere nonummy. Integer non velit.', 'Ashly', 'Christel', '2024-05-12 10:54:14', '2024-03-17 16:29:09');
insert into article_comment (article_id, user_id, parent_comment_id, content, created_by, modified_by, created_at, modified_at) values (62, 'eunchan2', null, 'Aenean lectus. Pellentesque eget nunc. Donec quis orci eget orci vehicula condimentum.', 'Chery', 'Chance', '2024-07-19 19:48:39', '2024-06-01 13:09:06');
insert into article_comment (article_id, user_id, parent_comment_id, content, created_by, modified_by, created_at, modified_at) values (61, 'eunchan', null, 'Vestibulum ac est lacinia nisi venenatis tristique. Fusce congue, diam id ornare imperdiet, sapien urna pretium nisl, ut volutpat sapien arcu sed augue. Aliquam erat volutpat.', 'Myrle', 'Emile', '2024-01-24 07:34:01', '2023-09-16 14:21:52');
insert into article_comment (article_id, user_id, parent_comment_id, content, created_by, modified_by, created_at, modified_at) values (111, 'eunchan', null, 'Proin leo odio, porttitor id, consequat in, consequat ut, nulla. Sed accumsan felis. Ut at dolor quis odio consequat varius.', 'Vikki', 'Marybelle', '2023-12-18 14:45:15', '2024-05-29 08:01:16');
insert into article_comment (article_id, user_id, parent_comment_id, content, created_by, modified_by, created_at, modified_at) values (96, 'eunchan2', null, 'Morbi porttitor lorem id ligula. Suspendisse ornare consequat lectus. In est risus, auctor sed, tristique in, tempus sit amet, sem.', 'Ellette', 'Dori', '2023-09-19 02:58:48', '2024-05-27 08:00:52');
insert into article_comment (article_id, user_id, parent_comment_id, content, created_by, modified_by, created_at, modified_at) values (115, 'eunchan2', null, 'Pellentesque at nulla. Suspendisse potenti. Cras in purus eu magna vulputate luctus.', 'Caryl', 'Violette', '2023-09-19 01:21:39', '2024-06-18 02:44:12');
insert into article_comment (article_id, user_id, parent_comment_id, content, created_by, modified_by, created_at, modified_at) values (24, 'eunchan', null, 'Nullam porttitor lacus at turpis. Donec posuere metus vitae ipsum. Aliquam non mauris.', 'Pammie', 'Leyla', '2024-06-06 08:32:15', '2024-06-25 18:48:09');
insert into article_comment (article_id, user_id, parent_comment_id, content, created_by, modified_by, created_at, modified_at) values (90, 'eunchan', null, 'Nullam sit amet turpis elementum ligula vehicula consequat. Morbi a ipsum. Integer a nibh.', 'Eddy', 'Marinna', '2023-12-03 11:52:16', '2023-10-07 06:39:19');
insert into article_comment (article_id, user_id, parent_comment_id, content, created_by, modified_by, created_at, modified_at) values (79, 'eunchan2', null, 'Aliquam quis turpis eget elit sodales scelerisque. Mauris sit amet eros. Suspendisse accumsan tortor quis turpis.', 'Genevieve', 'Vina', '2023-11-04 05:22:01', '2023-12-21 08:45:07');
insert into article_comment (article_id, user_id, parent_comment_id, content, created_by, modified_by, created_at, modified_at) values (120, 'eunchan', null, 'Phasellus sit amet erat. Nulla tempus. Vivamus in felis eu sapien cursus vestibulum.', 'Aigneis', 'Tedda', '2024-06-29 21:33:38', '2024-01-11 15:52:23');
insert into article_comment (article_id, user_id, parent_comment_id, content, created_by, modified_by, created_at, modified_at) values (3, 'eunchan2', null, 'Donec diam neque, vestibulum eget, vulputate ut, ultrices vel, augue. Vestibulum ante ipsum primis in faucibus orci luctus et ultrices posuere cubilia Curae; Donec pharetra, magna vestibulum aliquet ultrices, erat tortor sollicitudin mi, sit amet lobortis sapien sapien non mi. Integer ac neque.', 'Quintilla', 'Elana', '2023-09-01 14:16:54', '2024-04-24 18:44:14');
insert into article_comment (article_id, user_id, parent_comment_id, content, created_by, modified_by, created_at, modified_at) values (93, 'eunchan2', null, 'Donec diam neque, vestibulum eget, vulputate ut, ultrices vel, augue. Vestibulum ante ipsum primis in faucibus orci luctus et ultrices posuere cubilia Curae; Donec pharetra, magna vestibulum aliquet ultrices, erat tortor sollicitudin mi, sit amet lobortis sapien sapien non mi. Integer ac neque.', 'Amelina', 'Nevins', '2023-11-10 01:36:44', '2024-04-17 13:21:48');
insert into article_comment (article_id, user_id, parent_comment_id, content, created_by, modified_by, created_at, modified_at) values (10, 'eunchan', null, 'In congue. Etiam justo. Etiam pretium iaculis justo.', 'Sal', 'Abie', '2024-04-28 07:41:45', '2023-12-19 00:38:20');
insert into article_comment (article_id, user_id, parent_comment_id, content, created_by, modified_by, created_at, modified_at) values (113, 'eunchan2', null, 'Proin eu mi. Nulla ac enim. In tempor, turpis nec euismod scelerisque, quam turpis adipiscing lorem, vitae mattis nibh ligula nec sem.', 'Hussein', 'Randolf', '2024-05-21 01:22:28', '2024-05-03 07:14:58');
insert into article_comment (article_id, user_id, parent_comment_id, content, created_by, modified_by, created_at, modified_at) values (68, 'eunchan2', null, 'Phasellus in felis. Donec semper sapien a libero. Nam dui.', 'Tibold', 'Lyndel', '2024-04-22 10:07:13', '2024-01-20 11:09:21');
insert into article_comment (article_id, user_id, parent_comment_id, content, created_by, modified_by, created_at, modified_at) values (63, 'eunchan', null, 'Duis bibendum. Morbi non quam nec dui luctus rutrum. Nulla tellus.', 'Ora', 'Jessika', '2024-07-04 09:21:26', '2024-03-19 07:09:32');
insert into article_comment (article_id, user_id, parent_comment_id, content, created_by, modified_by, created_at, modified_at) values (85, 'eunchan', null, 'Maecenas tristique, est et tempus semper, est quam pharetra magna, ac consequat metus sapien ut nunc. Vestibulum ante ipsum primis in faucibus orci luctus et ultrices posuere cubilia Curae; Mauris viverra diam vitae quam. Suspendisse potenti.', 'Lorene', 'Rene', '2024-06-13 03:12:58', '2024-01-22 21:54:48');
insert into article_comment (article_id, user_id, parent_comment_id, content, created_by, modified_by, created_at, modified_at) values (57, 'eunchan2', null, 'Cras non velit nec nisi vulputate nonummy. Maecenas tincidunt lacus at velit. Vivamus vel nulla eget eros elementum pellentesque.', 'Betta', 'Nolly', '2023-10-09 18:29:09', '2024-06-13 20:31:57');
insert into article_comment (article_id, user_id, parent_comment_id, content, created_by, modified_by, created_at, modified_at) values (110, 'eunchan2', null, 'Phasellus sit amet erat. Nulla tempus. Vivamus in felis eu sapien cursus vestibulum.', 'Tirrell', 'Glad', '2024-01-21 16:16:07', '2024-06-29 23:34:24');
insert into article_comment (article_id, user_id, parent_comment_id, content, created_by, modified_by, created_at, modified_at) values (31, 'eunchan2', null, 'Duis bibendum, felis sed interdum venenatis, turpis enim blandit mi, in porttitor pede justo eu massa. Donec dapibus. Duis at velit eu est congue elementum.', 'Rosetta', 'Leland', '2024-05-16 03:10:03', '2024-03-27 12:02:49');
insert into article_comment (article_id, user_id, parent_comment_id, content, created_by, modified_by, created_at, modified_at) values (76, 'eunchan2', null, 'In hac habitasse platea dictumst. Morbi vestibulum, velit id pretium iaculis, diam erat fermentum justo, nec condimentum neque sapien placerat ante. Nulla justo.', 'Suellen', 'Gladys', '2024-08-05 07:46:16', '2024-03-17 23:53:39');
insert into article_comment (article_id, user_id, parent_comment_id, content, created_by, modified_by, created_at, modified_at) values (99, 'eunchan', null, 'Nullam sit amet turpis elementum ligula vehicula consequat. Morbi a ipsum. Integer a nibh.', 'Dayle', 'Natalee', '2024-05-24 20:55:25', '2023-12-24 23:37:55');
insert into article_comment (article_id, user_id, parent_comment_id, content, created_by, modified_by, created_at, modified_at) values (102, 'eunchan', null, 'Phasellus in felis. Donec semper sapien a libero. Nam dui.', 'Teodorico', 'Agnes', '2024-04-21 03:17:32', '2024-06-28 03:20:40');
insert into article_comment (article_id, user_id, parent_comment_id, content, created_by, modified_by, created_at, modified_at) values (8, 'eunchan2', null, 'Suspendisse potenti. In eleifend quam a odio. In hac habitasse platea dictumst.', 'Agnesse', 'Brade', '2023-09-14 13:33:06', '2023-08-13 20:47:33');
insert into article_comment (article_id, user_id, parent_comment_id, content, created_by, modified_by, created_at, modified_at) values (33, 'eunchan2', null, 'Integer ac leo. Pellentesque ultrices mattis odio. Donec vitae nisi.', 'Cary', 'Joan', '2024-05-27 19:13:04', '2024-04-20 22:33:07');
insert into article_comment (article_id, user_id, parent_comment_id, content, created_by, modified_by, created_at, modified_at) values (82, 'eunchan2', null, 'Duis consequat dui nec nisi volutpat eleifend. Donec ut dolor. Morbi vel lectus in quam fringilla rhoncus.', 'Julissa', 'Kirsti', '2024-05-05 10:38:36', '2024-07-03 14:02:03');
insert into article_comment (article_id, user_id, parent_comment_id, content, created_by, modified_by, created_at, modified_at) values (46, 'eunchan', null, 'Praesent id massa id nisl venenatis lacinia. Aenean sit amet justo. Morbi ut odio.', 'Maribelle', 'Stearne', '2024-06-16 01:00:18', '2024-04-18 19:43:10');
insert into article_comment (article_id, user_id, parent_comment_id, content, created_by, modified_by, created_at, modified_at) values (55, 'eunchan', null, 'Morbi non lectus. Aliquam sit amet diam in magna bibendum imperdiet. Nullam orci pede, venenatis non, sodales sed, tincidunt eu, felis.', 'Doria', 'Johnnie', '2024-05-11 07:24:37', '2024-05-30 22:55:20');
insert into article_comment (article_id, user_id, parent_comment_id, content, created_by, modified_by, created_at, modified_at) values (96, 'eunchan2', null, 'Duis bibendum, felis sed interdum venenatis, turpis enim blandit mi, in porttitor pede justo eu massa. Donec dapibus. Duis at velit eu est congue elementum.', 'Joell', 'Mikol', '2024-03-29 15:36:14', '2024-08-02 15:10:56');
insert into article_comment (article_id, user_id, parent_comment_id, content, created_by, modified_by, created_at, modified_at) values (28, 'eunchan2', null, 'Suspendisse potenti. In eleifend quam a odio. In hac habitasse platea dictumst.', 'Issi', 'Joachim', '2023-09-24 10:35:48', '2023-12-14 23:37:00');
insert into article_comment (article_id, user_id, parent_comment_id, content, created_by, modified_by, created_at, modified_at) values (79, 'eunchan2', null, 'In quis justo. Maecenas rhoncus aliquam lacus. Morbi quis tortor id nulla ultrices aliquet.', 'Cassandra', 'Alexio', '2023-09-20 10:21:51', '2024-03-07 15:59:07');
insert into article_comment (article_id, user_id, parent_comment_id, content, created_by, modified_by, created_at, modified_at) values (15, 'eunchan2', null, 'Duis bibendum, felis sed interdum venenatis, turpis enim blandit mi, in porttitor pede justo eu massa. Donec dapibus. Duis at velit eu est congue elementum.', 'Brian', 'Lancelot', '2024-06-22 06:54:41', '2024-06-04 11:28:33');
insert into article_comment (article_id, user_id, parent_comment_id, content, created_by, modified_by, created_at, modified_at) values (79, 'eunchan2', null, 'Lorem ipsum dolor sit amet, consectetuer adipiscing elit. Proin risus. Praesent lectus.', 'Lethia', 'Richmond', '2023-10-07 12:34:12', '2024-05-10 07:56:49');
insert into article_comment (article_id, user_id, parent_comment_id, content, created_by, modified_by, created_at, modified_at) values (109, 'eunchan', null, 'Sed sagittis. Nam congue, risus semper porta volutpat, quam pede lobortis ligula, sit amet eleifend pede libero quis orci. Nullam molestie nibh in lectus.', 'Roslyn', 'Claudine', '2023-12-19 09:43:04', '2024-04-02 10:46:49');
insert into article_comment (article_id, user_id, parent_comment_id, content, created_by, modified_by, created_at, modified_at) values (26, 'eunchan', null, 'Nulla ut erat id mauris vulputate elementum. Nullam varius. Nulla facilisi.', 'Bondie', 'Woodman', '2024-03-07 17:11:29', '2023-10-05 17:07:52');
insert into article_comment (article_id, user_id, parent_comment_id, content, created_by, modified_by, created_at, modified_at) values (107, 'eunchan2', null, 'Duis aliquam convallis nunc. Proin at turpis a pede posuere nonummy. Integer non velit.', 'Elisabetta', 'Berty', '2024-04-19 19:07:25', '2023-09-25 21:04:46');
insert into article_comment (article_id, user_id, parent_comment_id, content, created_by, modified_by, created_at, modified_at) values (115, 'eunchan', null, 'Nulla ut erat id mauris vulputate elementum. Nullam varius. Nulla facilisi.', 'Vonnie', 'Haydon', '2023-10-10 07:34:37', '2023-12-06 07:39:20');
insert into article_comment (article_id, user_id, parent_comment_id, content, created_by, modified_by, created_at, modified_at) values (99, 'eunchan2', null, 'Quisque porta volutpat erat. Quisque erat eros, viverra eget, congue eget, semper rutrum, nulla. Nunc purus.', 'Susana', 'Deck', '2023-11-01 20:39:25', '2024-08-02 07:20:42');
insert into article_comment (article_id, user_id, parent_comment_id, content, created_by, modified_by, created_at, modified_at) values (60, 'eunchan', null, 'Cras mi pede, malesuada in, imperdiet et, commodo vulputate, justo. In blandit ultrices enim. Lorem ipsum dolor sit amet, consectetuer adipiscing elit.', 'Madison', 'Leeland', '2024-08-05 06:58:13', '2024-02-07 11:11:11');
insert into article_comment (article_id, user_id, parent_comment_id, content, created_by, modified_by, created_at, modified_at) values (50, 'eunchan2', null, 'Maecenas leo odio, condimentum id, luctus nec, molestie sed, justo. Pellentesque viverra pede ac diam. Cras pellentesque volutpat dui.', 'Onida', 'Tarrance', '2023-11-02 12:12:33', '2024-05-27 09:28:21');
insert into article_comment (article_id, user_id, parent_comment_id, content, created_by, modified_by, created_at, modified_at) values (83, 'eunchan2', null, 'Cras mi pede, malesuada in, imperdiet et, commodo vulputate, justo. In blandit ultrices enim. Lorem ipsum dolor sit amet, consectetuer adipiscing elit.', 'Leontyne', 'Kelsey', '2023-09-26 09:06:03', '2024-07-28 00:48:23');
insert into article_comment (article_id, user_id, parent_comment_id, content, created_by, modified_by, created_at, modified_at) values (80, 'eunchan2', null, 'Proin eu mi. Nulla ac enim. In tempor, turpis nec euismod scelerisque, quam turpis adipiscing lorem, vitae mattis nibh ligula nec sem.', 'Ingemar', 'Fidel', '2024-01-26 05:02:47', '2024-05-14 02:51:20');
insert into article_comment (article_id, user_id, parent_comment_id, content, created_by, modified_by, created_at, modified_at) values (2, 'eunchan', null, 'Curabitur at ipsum ac tellus semper interdum. Mauris ullamcorper purus sit amet nulla. Quisque arcu libero, rutrum ac, lobortis vel, dapibus at, diam.', 'Andrea', 'Meghan', '2024-03-04 08:53:56', '2023-10-17 05:47:23');
insert into article_comment (article_id, user_id, parent_comment_id, content, created_by, modified_by, created_at, modified_at) values (3, 'eunchan2', null, 'In hac habitasse platea dictumst. Morbi vestibulum, velit id pretium iaculis, diam erat fermentum justo, nec condimentum neque sapien placerat ante. Nulla justo.', 'Major', 'Steven', '2024-02-13 17:16:08', '2023-11-18 19:56:36');
insert into article_comment (article_id, user_id, parent_comment_id, content, created_by, modified_by, created_at, modified_at) values (63, 'eunchan', null, 'Morbi porttitor lorem id ligula. Suspendisse ornare consequat lectus. In est risus, auctor sed, tristique in, tempus sit amet, sem.', 'Cleveland', 'Shelley', '2023-10-24 16:26:21', '2024-05-11 08:45:22');
insert into article_comment (article_id, user_id, parent_comment_id, content, created_by, modified_by, created_at, modified_at) values (40, 'eunchan', null, 'In congue. Etiam justo. Etiam pretium iaculis justo.', 'Ruthie', 'Anica', '2023-09-06 11:02:37', '2023-12-02 21:37:12');
insert into article_comment (article_id, user_id, parent_comment_id, content, created_by, modified_by, created_at, modified_at) values (117, 'eunchan', null, 'Integer tincidunt ante vel ipsum. Praesent blandit lacinia erat. Vestibulum sed magna at nunc commodo placerat.', 'Betta', 'Shirlene', '2024-04-20 20:48:58', '2024-02-25 20:43:02');
insert into article_comment (article_id, user_id, parent_comment_id, content, created_by, modified_by, created_at, modified_at) values (18, 'eunchan2', null, 'Maecenas leo odio, condimentum id, luctus nec, molestie sed, justo. Pellentesque viverra pede ac diam. Cras pellentesque volutpat dui.', 'Berenice', 'Killian', '2023-08-21 00:05:40', '2024-03-14 07:20:49');
insert into article_comment (article_id, user_id, parent_comment_id, content, created_by, modified_by, created_at, modified_at) values (86, 'eunchan', null, 'Phasellus sit amet erat. Nulla tempus. Vivamus in felis eu sapien cursus vestibulum.', 'Deina', 'Rakel', '2024-06-11 03:17:03', '2024-03-30 18:24:09');
insert into article_comment (article_id, user_id, parent_comment_id, content, created_by, modified_by, created_at, modified_at) values (83, 'eunchan2', null, 'Duis bibendum. Morbi non quam nec dui luctus rutrum. Nulla tellus.', 'Ashlen', 'Neysa', '2024-07-23 23:32:25', '2023-10-13 04:23:46');
insert into article_comment (article_id, user_id, parent_comment_id, content, created_by, modified_by, created_at, modified_at) values (82, 'eunchan2', null, 'Phasellus in felis. Donec semper sapien a libero. Nam dui.', 'Hetty', 'Rozanna', '2024-06-03 19:39:41', '2023-11-15 06:38:33');
insert into article_comment (article_id, user_id, parent_comment_id, content, created_by, modified_by, created_at, modified_at) values (3, 'eunchan2', null, 'Etiam vel augue. Vestibulum rutrum rutrum neque. Aenean auctor gravida sem.', 'Audry', 'Fancie', '2023-10-27 10:48:24', '2024-04-17 06:36:17');
insert into article_comment (article_id, user_id, parent_comment_id, content, created_by, modified_by, created_at, modified_at) values (25, 'eunchan2', null, 'Cum sociis natoque penatibus et magnis dis parturient montes, nascetur ridiculus mus. Vivamus vestibulum sagittis sapien. Cum sociis natoque penatibus et magnis dis parturient montes, nascetur ridiculus mus.', 'Roby', 'Bren', '2024-08-02 15:10:03', '2023-09-04 08:18:25');
insert into article_comment (article_id, user_id, parent_comment_id, content, created_by, modified_by, created_at, modified_at) values (83, 'eunchan', null, 'Suspendisse potenti. In eleifend quam a odio. In hac habitasse platea dictumst.', 'Minny', 'Nevin', '2024-08-02 13:02:55', '2024-07-06 01:07:51');
insert into article_comment (article_id, user_id, parent_comment_id, content, created_by, modified_by, created_at, modified_at) values (91, 'eunchan2', null, 'Cras non velit nec nisi vulputate nonummy. Maecenas tincidunt lacus at velit. Vivamus vel nulla eget eros elementum pellentesque.', 'Daveta', 'Alidia', '2024-02-17 20:55:09', '2023-11-10 13:41:02');
insert into article_comment (article_id, user_id, parent_comment_id, content, created_by, modified_by, created_at, modified_at) values (78, 'eunchan', null, 'Fusce posuere felis sed lacus. Morbi sem mauris, laoreet ut, rhoncus aliquet, pulvinar sed, nisl. Nunc rhoncus dui vel sem.', 'Jordana', 'Earl', '2023-10-10 06:50:56', '2023-11-29 02:11:06');
insert into article_comment (article_id, user_id, parent_comment_id, content, created_by, modified_by, created_at, modified_at) values (77, 'eunchan2', null, 'Morbi porttitor lorem id ligula. Suspendisse ornare consequat lectus. In est risus, auctor sed, tristique in, tempus sit amet, sem.', 'Donalt', 'Vanda', '2023-08-30 17:17:35', '2023-09-27 16:29:25');
insert into article_comment (article_id, user_id, parent_comment_id, content, created_by, modified_by, created_at, modified_at) values (68, 'eunchan', null, 'Nulla ut erat id mauris vulputate elementum. Nullam varius. Nulla facilisi.', 'Kitti', 'Estrella', '2024-03-31 00:29:50', '2024-03-17 15:34:31');
insert into article_comment (article_id, user_id, parent_comment_id, content, created_by, modified_by, created_at, modified_at) values (116, 'eunchan', null, 'In quis justo. Maecenas rhoncus aliquam lacus. Morbi quis tortor id nulla ultrices aliquet.', 'Margit', 'Willette', '2023-12-16 06:36:19', '2023-11-23 16:08:34');
insert into article_comment (article_id, user_id, parent_comment_id, content, created_by, modified_by, created_at, modified_at) values (18, 'eunchan2', null, 'Phasellus in felis. Donec semper sapien a libero. Nam dui.', 'Rozalin', 'Mel', '2024-04-25 17:52:48', '2024-06-12 09:48:03');
insert into article_comment (article_id, user_id, parent_comment_id, content, created_by, modified_by, created_at, modified_at) values (30, 'eunchan2', null, 'Morbi porttitor lorem id ligula. Suspendisse ornare consequat lectus. In est risus, auctor sed, tristique in, tempus sit amet, sem.', 'Chicky', 'Vanny', '2024-01-29 16:29:17', '2023-11-11 13:51:25');
insert into article_comment (article_id, user_id, parent_comment_id, content, created_by, modified_by, created_at, modified_at) values (2, 'eunchan', null, 'Etiam vel augue. Vestibulum rutrum rutrum neque. Aenean auctor gravida sem.', 'Rosaline', 'Misti', '2024-03-27 12:03:49', '2024-07-08 04:15:57');
insert into article_comment (article_id, user_id, parent_comment_id, content, created_by, modified_by, created_at, modified_at) values (30, 'eunchan2', null, 'Mauris enim leo, rhoncus sed, vestibulum sit amet, cursus id, turpis. Integer aliquet, massa id lobortis convallis, tortor risus dapibus augue, vel accumsan tellus nisi eu orci. Mauris lacinia sapien quis libero.', 'Augusto', 'Bjorn', '2024-03-20 07:09:46', '2023-08-09 23:23:52');
insert into article_comment (article_id, user_id, parent_comment_id, content, created_by, modified_by, created_at, modified_at) values (28, 'eunchan2', null, 'In hac habitasse platea dictumst. Etiam faucibus cursus urna. Ut tellus.', 'Lorilyn', 'Dina', '2024-01-21 08:51:32', '2024-03-09 12:50:06');
insert into article_comment (article_id, user_id, parent_comment_id, content, created_by, modified_by, created_at, modified_at) values (76, 'eunchan2', null, 'Maecenas tristique, est et tempus semper, est quam pharetra magna, ac consequat metus sapien ut nunc. Vestibulum ante ipsum primis in faucibus orci luctus et ultrices posuere cubilia Curae; Mauris viverra diam vitae quam. Suspendisse potenti.', 'Sander', 'Oby', '2024-05-11 19:08:22', '2024-07-04 21:20:56');
insert into article_comment (article_id, user_id, parent_comment_id, content, created_by, modified_by, created_at, modified_at) values (67, 'eunchan2', null, 'Proin leo odio, porttitor id, consequat in, consequat ut, nulla. Sed accumsan felis. Ut at dolor quis odio consequat varius.', 'Tally', 'Moina', '2024-02-17 14:25:32', '2024-08-04 10:11:08');
insert into article_comment (article_id, user_id, parent_comment_id, content, created_by, modified_by, created_at, modified_at) values (60, 'eunchan2', null, 'Morbi non lectus. Aliquam sit amet diam in magna bibendum imperdiet. Nullam orci pede, venenatis non, sodales sed, tincidunt eu, felis.', 'Erik', 'Halsy', '2024-06-28 22:22:07', '2024-07-29 16:31:42');
insert into article_comment (article_id, user_id, parent_comment_id, content, created_by, modified_by, created_at, modified_at) values (46, 'eunchan2', null, 'Fusce consequat. Nulla nisl. Nunc nisl.', 'Sarajane', 'Brenda', '2023-12-09 18:56:19', '2024-07-30 23:15:27');
insert into article_comment (article_id, user_id, parent_comment_id, content, created_by, modified_by, created_at, modified_at) values (84, 'eunchan', null, 'Proin leo odio, porttitor id, consequat in, consequat ut, nulla. Sed accumsan felis. Ut at dolor quis odio consequat varius.', 'Charissa', 'Serena', '2024-07-23 21:11:36', '2024-07-26 05:22:51');
insert into article_comment (article_id, user_id, parent_comment_id, content, created_by, modified_by, created_at, modified_at) values (118, 'eunchan', null, 'Curabitur at ipsum ac tellus semper interdum. Mauris ullamcorper purus sit amet nulla. Quisque arcu libero, rutrum ac, lobortis vel, dapibus at, diam.', 'Nataniel', 'Zacharias', '2024-04-22 17:18:54', '2023-09-13 02:50:25');
insert into article_comment (article_id, user_id, parent_comment_id, content, created_by, modified_by, created_at, modified_at) values (90, 'eunchan', null, 'Nullam porttitor lacus at turpis. Donec posuere metus vitae ipsum. Aliquam non mauris.', 'Ozzy', 'Angil', '2023-10-27 01:44:50', '2024-02-25 03:10:17');
insert into article_comment (article_id, user_id, parent_comment_id, content, created_by, modified_by, created_at, modified_at) values (77, 'eunchan2', null, 'Pellentesque at nulla. Suspendisse potenti. Cras in purus eu magna vulputate luctus.', 'Meris', 'Berton', '2024-02-29 07:29:49', '2023-10-13 02:19:19');
insert into article_comment (article_id, user_id, parent_comment_id, content, created_by, modified_by, created_at, modified_at) values (62, 'eunchan', null, 'Cras mi pede, malesuada in, imperdiet et, commodo vulputate, justo. In blandit ultrices enim. Lorem ipsum dolor sit amet, consectetuer adipiscing elit.', 'Amberly', 'Isabelle', '2023-11-11 14:54:27', '2024-02-06 05:36:51');
insert into article_comment (article_id, user_id, parent_comment_id, content, created_by, modified_by, created_at, modified_at) values (79, 'eunchan2', null, 'Vestibulum quam sapien, varius ut, blandit non, interdum in, ante. Vestibulum ante ipsum primis in faucibus orci luctus et ultrices posuere cubilia Curae; Duis faucibus accumsan odio. Curabitur convallis.', 'Rutledge', 'Gretta', '2024-03-20 04:26:52', '2024-01-02 07:13:35');
insert into article_comment (article_id, user_id, parent_comment_id, content, created_by, modified_by, created_at, modified_at) values (115, 'eunchan2', null, 'Phasellus sit amet erat. Nulla tempus. Vivamus in felis eu sapien cursus vestibulum.', 'Jude', 'Farrel', '2024-05-29 09:06:16', '2023-08-12 01:16:45');
insert into article_comment (article_id, user_id, parent_comment_id, content, created_by, modified_by, created_at, modified_at) values (94, 'eunchan', null, 'Cras non velit nec nisi vulputate nonummy. Maecenas tincidunt lacus at velit. Vivamus vel nulla eget eros elementum pellentesque.', 'Alley', 'Ivan', '2024-01-10 23:02:02', '2023-11-18 17:16:46');
insert into article_comment (article_id, user_id, parent_comment_id, content, created_by, modified_by, created_at, modified_at) values (15, 'eunchan2', null, 'Curabitur at ipsum ac tellus semper interdum. Mauris ullamcorper purus sit amet nulla. Quisque arcu libero, rutrum ac, lobortis vel, dapibus at, diam.', 'Sybilla', 'Isidore', '2024-05-22 22:33:47', '2024-01-27 09:17:06');
insert into article_comment (article_id, user_id, parent_comment_id, content, created_by, modified_by, created_at, modified_at) values (45, 'eunchan', null, 'Fusce posuere felis sed lacus. Morbi sem mauris, laoreet ut, rhoncus aliquet, pulvinar sed, nisl. Nunc rhoncus dui vel sem.', 'Fran', 'Arluene', '2023-09-19 04:33:37', '2023-11-20 20:14:30');
insert into article_comment (article_id, user_id, parent_comment_id, content, created_by, modified_by, created_at, modified_at) values (66, 'eunchan', null, 'In congue. Etiam justo. Etiam pretium iaculis justo.', 'Berthe', 'Donni', '2023-10-24 11:46:19', '2024-06-15 03:29:34');
insert into article_comment (article_id, user_id, parent_comment_id, content, created_by, modified_by, created_at, modified_at) values (43, 'eunchan', null, 'Integer tincidunt ante vel ipsum. Praesent blandit lacinia erat. Vestibulum sed magna at nunc commodo placerat.', 'Sophronia', 'Odetta', '2024-03-25 21:38:32', '2024-05-01 23:43:52');
insert into article_comment (article_id, user_id, parent_comment_id, content, created_by, modified_by, created_at, modified_at) values (10, 'eunchan', null, 'Phasellus in felis. Donec semper sapien a libero. Nam dui.', 'Janos', 'Aguste', '2023-12-31 13:52:40', '2023-11-27 18:25:26');
insert into article_comment (article_id, user_id, parent_comment_id, content, created_by, modified_by, created_at, modified_at) values (32, 'eunchan', null, 'Aenean lectus. Pellentesque eget nunc. Donec quis orci eget orci vehicula condimentum.', 'Gennifer', 'Shay', '2023-12-20 16:58:13', '2024-06-13 11:27:17');
insert into article_comment (article_id, user_id, parent_comment_id, content, created_by, modified_by, created_at, modified_at) values (31, 'eunchan', null, 'Nullam sit amet turpis elementum ligula vehicula consequat. Morbi a ipsum. Integer a nibh.', 'Jordan', 'Harlie', '2024-05-03 15:51:01', '2023-11-25 06:51:27');
insert into article_comment (article_id, user_id, parent_comment_id, content, created_by, modified_by, created_at, modified_at) values (15, 'eunchan', null, 'Duis aliquam convallis nunc. Proin at turpis a pede posuere nonummy. Integer non velit.', 'Willi', 'Clifford', '2023-08-11 02:56:58', '2023-12-22 20:43:50');
insert into article_comment (article_id, user_id, parent_comment_id, content, created_by, modified_by, created_at, modified_at) values (119, 'eunchan', null, 'Cras mi pede, malesuada in, imperdiet et, commodo vulputate, justo. In blandit ultrices enim. Lorem ipsum dolor sit amet, consectetuer adipiscing elit.', 'Kane', 'Carr', '2023-11-25 04:19:16', '2023-12-31 17:34:24');
insert into article_comment (article_id, user_id, parent_comment_id, content, created_by, modified_by, created_at, modified_at) values (40, 'eunchan', null, 'Sed sagittis. Nam congue, risus semper porta volutpat, quam pede lobortis ligula, sit amet eleifend pede libero quis orci. Nullam molestie nibh in lectus.', 'Yehudi', 'Anastasie', '2024-02-01 23:34:19', '2024-03-27 15:41:14');
insert into article_comment (article_id, user_id, parent_comment_id, content, created_by, modified_by, created_at, modified_at) values (83, 'eunchan2', null, 'Phasellus sit amet erat. Nulla tempus. Vivamus in felis eu sapien cursus vestibulum.', 'Gweneth', 'Micki', '2024-01-04 00:07:50', '2023-10-08 11:32:51');
insert into article_comment (article_id, user_id, parent_comment_id, content, created_by, modified_by, created_at, modified_at) values (83, 'eunchan2', null, 'Duis bibendum. Morbi non quam nec dui luctus rutrum. Nulla tellus.', 'Mar', 'Nerti', '2023-11-18 00:48:08', '2024-04-08 00:33:19');
insert into article_comment (article_id, user_id, parent_comment_id, content, created_by, modified_by, created_at, modified_at) values (44, 'eunchan2', null, 'Maecenas leo odio, condimentum id, luctus nec, molestie sed, justo. Pellentesque viverra pede ac diam. Cras pellentesque volutpat dui.', 'Hendrick', 'Margaretta', '2023-11-07 15:36:02', '2023-12-26 03:00:27');
insert into article_comment (article_id, user_id, parent_comment_id, content, created_by, modified_by, created_at, modified_at) values (42, 'eunchan', null, 'Maecenas tristique, est et tempus semper, est quam pharetra magna, ac consequat metus sapien ut nunc. Vestibulum ante ipsum primis in faucibus orci luctus et ultrices posuere cubilia Curae; Mauris viverra diam vitae quam. Suspendisse potenti.', 'Row', 'Stinky', '2024-04-19 07:32:02', '2024-01-07 02:00:15');
insert into article_comment (article_id, user_id, parent_comment_id, content, created_by, modified_by, created_at, modified_at) values (40, 'eunchan2', null, 'Cras non velit nec nisi vulputate nonummy. Maecenas tincidunt lacus at velit. Vivamus vel nulla eget eros elementum pellentesque.', 'Lewes', 'Meggy', '2023-12-23 01:07:42', '2024-04-17 02:20:10');
insert into article_comment (article_id, user_id, parent_comment_id, content, created_by, modified_by, created_at, modified_at) values (59, 'eunchan2', null, 'Cras non velit nec nisi vulputate nonummy. Maecenas tincidunt lacus at velit. Vivamus vel nulla eget eros elementum pellentesque.', 'Olwen', 'Biddy', '2023-08-15 09:38:51', '2024-06-10 07:44:35');
insert into article_comment (article_id, user_id, parent_comment_id, content, created_by, modified_by, created_at, modified_at) values (120, 'eunchan2', null, 'Vestibulum quam sapien, varius ut, blandit non, interdum in, ante. Vestibulum ante ipsum primis in faucibus orci luctus et ultrices posuere cubilia Curae; Duis faucibus accumsan odio. Curabitur convallis.', 'Aluin', 'Magdalen', '2024-05-03 07:30:45', '2024-02-25 07:05:22');
insert into article_comment (article_id, user_id, parent_comment_id, content, created_by, modified_by, created_at, modified_at) values (63, 'eunchan', null, 'Pellentesque at nulla. Suspendisse potenti. Cras in purus eu magna vulputate luctus.', 'Indira', 'Teressa', '2024-03-13 03:51:50', '2023-12-20 02:17:11');
insert into article_comment (article_id, user_id, parent_comment_id, content, created_by, modified_by, created_at, modified_at) values (79, 'eunchan', null, 'Proin eu mi. Nulla ac enim. In tempor, turpis nec euismod scelerisque, quam turpis adipiscing lorem, vitae mattis nibh ligula nec sem.', 'Dermot', 'Donaugh', '2024-02-15 22:27:18', '2024-05-09 05:51:56');
insert into article_comment (article_id, user_id, parent_comment_id, content, created_by, modified_by, created_at, modified_at) values (83, 'eunchan2', null, 'Maecenas tristique, est et tempus semper, est quam pharetra magna, ac consequat metus sapien ut nunc. Vestibulum ante ipsum primis in faucibus orci luctus et ultrices posuere cubilia Curae; Mauris viverra diam vitae quam. Suspendisse potenti.', 'Walther', 'Margarete', '2023-12-25 17:28:33', '2023-11-20 21:55:30');
insert into article_comment (article_id, user_id, parent_comment_id, content, created_by, modified_by, created_at, modified_at) values (22, 'eunchan2', null, 'Aenean fermentum. Donec ut mauris eget massa tempor convallis. Nulla neque libero, convallis eget, eleifend luctus, ultricies eu, nibh.', 'Skippy', 'Laurene', '2023-12-22 13:43:30', '2024-05-17 12:25:55');
insert into article_comment (article_id, user_id, parent_comment_id, content, created_by, modified_by, created_at, modified_at) values (80, 'eunchan', null, 'Mauris enim leo, rhoncus sed, vestibulum sit amet, cursus id, turpis. Integer aliquet, massa id lobortis convallis, tortor risus dapibus augue, vel accumsan tellus nisi eu orci. Mauris lacinia sapien quis libero.', 'Averil', 'Julita', '2024-07-25 22:34:40', '2024-02-14 11:10:53');


-- 대댓글
insert into article_comment (article_id, user_id, parent_comment_id, content, created_at, modified_at, created_by, modified_by) values
                                                                                                                                    (49, 'eunchan', 1, '퍼가요~', '2021-03-02 22:40:04', '2021-04-27 15:38:09', 'Eunchan', 'Eunchan'),
                                                                                                                                    (49, 'eunchan2', 1, '퍼가요~', '2021-03-03 22:40:04', '2021-04-27 15:38:09', 'Eunchan2', 'Eunchan2'),
                                                                                                                                    (49, 'eunchan', 1, '또 퍼가요~', '2021-03-04 22:40:04', '2021-04-27 15:38:09', 'Eunchan', 'Eunchan'),
                                                                                                                                    (49, 'eunchan', 1, '또또 퍼가요~', '2021-03-05 22:40:04', '2021-04-27 15:38:09', 'Eunchan', 'Eunchan')
;



insert into hashtag (hashtag_name, created_at, modified_at, created_by, modified_by) values
                                                                                         ('blue', now(), now(), 'eunchan', 'eunchan'),
                                                                                         ('crimson', now(), now(), 'eunchan', 'eunchan'),
                                                                                         ('fuscia', now(), now(), 'eunchan', 'eunchan'),
                                                                                         ('goldenrod', now(), now(), 'eunchan', 'eunchan'),
                                                                                         ('green', now(), now(), 'eunchan', 'eunchan'),
                                                                                         ('indigo', now(), now(), 'eunchan', 'eunchan'),
                                                                                         ('khaki', now(), now(), 'eunchan', 'eunchan'),
                                                                                         ('maroon', now(), now(), 'eunchan', 'eunchan'),
                                                                                         ('mauv', now(), now(), 'eunchan', 'eunchan'),
                                                                                         ('orange', now(), now(), 'eunchan', 'eunchan'),
                                                                                         ('pink', now(), now(), 'eunchan', 'eunchan'),
                                                                                         ('puce', now(), now(), 'eunchan', 'eunchan'),
                                                                                         ('purple', now(), now(), 'eunchan', 'eunchan'),
                                                                                         ('red', now(), now(), 'eunchan', 'eunchan'),
                                                                                         ('teal', now(), now(), 'eunchan', 'eunchan'),
                                                                                         ('turquoise', now(), now(), 'eunchan', 'eunchan'),
                                                                                         ('violet', now(), now(), 'eunchan', 'eunchan'),
                                                                                         ('yellow', now(), now(), 'eunchan', 'eunchan'),
                                                                                         ('white', now(), now(), 'eunchan', 'eunchan')
;

insert into article_hashtag (article_id, hashtag_id) values
                                                         (1, 11),
                                                         (2, 13),
                                                         (3, 13),
                                                         (4, 9),
                                                         (5, 5),
                                                         (6, 8),
                                                         (7, 10),
                                                         (8, 15),
                                                         (9, 7),
                                                         (10, 12),
                                                         (11, 10),
                                                         (12, 13),
                                                         (13, 8),
                                                         (15, 7),
                                                         (18, 4),
                                                         (19, 18),
                                                         (20, 10),
                                                         (21, 3),
                                                         (22, 12),
                                                         (24, 15),
                                                         (25, 3),
                                                         (26, 8),
                                                         (27, 15),
                                                         (28, 16),
                                                         (29, 3),
                                                         (31, 1),
                                                         (32, 18),
                                                         (33, 11),
                                                         (34, 4),
                                                         (35, 1),
                                                         (37, 13),
                                                         (38, 5),
                                                         (40, 16),
                                                         (42, 3),
                                                         (43, 17),
                                                         (45, 14),
                                                         (45, 19),
                                                         (47, 13),
                                                         (48, 2),
                                                         (49, 6),
                                                         (50, 7),
                                                         (52, 16),
                                                         (54, 11),
                                                         (55, 10),
                                                         (57, 10),
                                                         (58, 11),
                                                         (59, 2),
                                                         (60, 2),
                                                         (61, 15),
                                                         (63, 17),
                                                         (64, 17),
                                                         (65, 17),
                                                         (66, 16),
                                                         (67, 12),
                                                         (68, 3),
                                                         (70, 12),
                                                         (71, 11),
                                                         (72, 3),
                                                         (73, 14),
                                                         (75, 16),
                                                         (76, 1),
                                                         (77, 11),
                                                         (80, 13),
                                                         (81, 17),
                                                         (82, 16),
                                                         (83, 13),
                                                         (84, 2),
                                                         (85, 15),
                                                         (86, 14),
                                                         (88, 17),
                                                         (90, 7),
                                                         (91, 10),
                                                         (92, 13),
                                                         (93, 16),
                                                         (94, 16),
                                                         (95, 3),
                                                         (96, 8),
                                                         (97, 18),
                                                         (98, 10),
                                                         (99, 17),
                                                         (100, 2),
                                                         (102, 12),
                                                         (103, 14),
                                                         (104, 7),
                                                         (105, 16),
                                                         (106, 14),
                                                         (107, 1),
                                                         (111, 18),
                                                         (112, 6),
                                                         (113, 9),
                                                         (114, 2),
                                                         (116, 16),
                                                         (117, 14),
                                                         (119, 12),
                                                         (120, 18),
                                                         (122, 18)
;